event_id,trip_id,vehicle_id,ts,lat,lon,speed_kmh
G0000001,T0356984,V093,2026-07-01 08:39:00,24.892739,67.047819,33.9
G0000002,T0106178,V145,2025-11-06 19:34:00,24.786428,67.065204,16.9
G0000003,T0295829,V171,2026-07-01 18:07:00,24.827249,67.083926,33.5
G0000004,T0321186,V128,2025-10-29 19:54:00,24.880023,67.163547,12.1
G0000005,T0261463,V244,2026-08-01 10:02:00,24.808058,67.021628,11.5
G0000006,T0057411,V064,2026-06-27 14:15:00,24.812362,67.138725,25.5
G0000007,T0076858,V130,2026-01-22 19:01:00,24.807436,67.111798,37.8
G0000008,T0108141,V002,2025-12-22 13:48:00,24.88618,67.04025,20.9
G0000009,T0284083,V164,2026-08-10 18:21:00,24.955622,67.04598,29.2
G0000010,T0172167,V057,2026-05-28 06:33:00,24.822171,67.033342,25.0
G0000011,T0495732,V174,2026-02-03 20:02:00,24.847237,67.038042,31.7
G0000012,T0045676,V159,2026-01-31 05:19:00,24.815419,67.217558,38.8
G0000013,T0085554,V116,2026-09-06 11:07:00,24.850341,67.098132,24.9
G0000014,T0208196,V193,2025-12-17 11:02:00,24.820038,66.98391,28.9
G0000015,T0441687,V057,2026-09-21 07:57:00,24.868533,67.052646,30.1
G0000016,T0286273,V109,2025-12-27 11:21:00,24.967811,67.096524,30.2
G0000017,T0098812,V150,2026-08-09 19:05:00,24.88689,66.97183,26.6
G0000018,T0443144,V171,2026-04-23 13:02:00,24.868792,67.049126,28.0
G0000019,T0268060,V026,2026-05-11 12:39:00,24.85526,67.09882,13.2
G0000020,T0391264,V033,2026-08-24 16:50:00,24.868784,67.077912,14.1
G0000021,T0399282,V204,2025-12-13 11:35:00,24.937616,67.101779,49.5
G0000022,T0484867,V159,2026-08-26 09:02:00,24.821098,67.02235,18.4
G0000023,T0010502,V200,2026-01-02 08:22:00,24.802903,66.980723,25.9
G0000024,T0398863,V222,2025-11-29 08:35:00,24.816582,67.105557,33.3
G0000025,T0197787,V136,2026-06-21 08:32:00,24.932571,67.151684,20.1
G0000026,T0084301,V080,2026-08-06 11:31:00,24.784171,67.133456,37.2
G0000027,T0177822,V242,2026-02-25 19:29:00,24.836259,67.221327,38.3
G0000028,T0193843,V081,2026-03-16 13:58:00,24.874934,67.116572,19.9
G0000029,T0418326,V219,2025-11-07 07:09:00,24.801573,67.104613,27.4
G0000030,T0008108,V029,2026-04-05 16:44:00,24.842514,67.051286,34.9
G0000031,T0049511,V023,2026-01-22 14:17:00,24.8265,67.018747,31.0
G0000032,T0020102,V098,2026-08-15 13:17:00,24.809864,66.9844,36.9
G0000033,T0237577,V207,2026-08-31 07:29:00,24.929561,67.137114,30.6
G0000034,T0146009,V209,2026-06-28 10:01:00,24.868242,66.973465,12.3
G0000035,T0016559,V035,2026-08-07 11:34:00,24.816083,67.083544,30.3
G0000036,T0037531,V149,2026-09-10 20:37:00,24.879524,67.074953,37.2
G0000037,T0239905,V081,2026-01-28 16:56:00,24.940924,66.904057,38.0
G0000038,T0389691,V202,2026-06-13 18:33:00,24.839749,67.056823,22.5
G0000039,T0071021,V122,2026-06-18 07:45:00,24.866561,67.064152,21.5
G0000040,T0416865,V161,2026-08-09 11:45:00,24.865148,67.137721,14.7
G0000041,T0230170,V175,2025-10-11 15:01:00,24.954375,67.045798,23.6
G0000042,T0269028,V030,2026-07-29 17:16:00,24.931983,67.157117,35.5
G0000043,T0143031,V057,2026-04-03 18:25:00,24.752675,66.99799,32.9
G0000044,T0379763,V158,2026-04-08 08:14:00,24.826565,67.111917,41.2
G0000045,T0248932,V033,2026-01-02 16:10:00,24.756771,67.138668,39.0
G0000046,T0419408,V135,2026-01-06 16:33:00,24.912709,66.964192,6.3
G0000047,T0460287,V087,2026-05-14 07:33:00,24.910583,67.03297,26.5
G0000048,T0300836,V240,2025-12-11 08:25:00,24.829977,67.109559,11.3
G0000049,T0306042,V165,2026-03-18 06:25:00,24.935174,67.03259,12.1
G0000050,T0411818,V168,2025-10-01 08:39:00,24.913886,67.121921,15.2
G0000051,T0231411,V168,2026-07-31 07:06:00,24.877553,67.024166,25.0
G0000052,T0342406,V003,2026-03-01 09:10:00,24.834265,66.994044,12.0
G0000053,T0072222,V220,2026-06-15 12:11:00,24.803644,67.121347,31.7
G0000054,T0463767,V128,2025-12-29 17:31:00,24.909863,67.047247,11.0
G0000055,T0120095,V055,2026-09-21 10:20:00,24.864432,66.966838,14.8
G0000056,T0036448,V103,2026-07-22 22:37:00,25.003565,66.993527,29.6
G0000057,T0191965,V222,2026-02-02 10:48:00,24.853043,67.057121,25.1
G0000058,T0132516,V037,2026-02-15 08:17:00,24.934913,67.062449,12.6
G0000059,T0317144,V011,2026-01-21 15:27:00,24.846472,67.088305,32.8
G0000060,T0405044,V076,2026-07-07 18:24:00,24.831422,67.057617,17.7
G0000061,T0050579,V137,2026-07-08 16:45:00,24.909093,67.04928,26.2
G0000062,T0076253,V218,2026-01-07 10:16:00,24.864513,67.065567,35.8
G0000063,T0151145,V151,2026-03-10 23:00:00,24.811693,66.954684,31.8
G0000064,T0154615,V048,2026-09-22 22:57:00,24.777683,67.0183,26.5
G0000065,T0493754,V148,2025-10-07 06:17:00,24.877884,66.835652,13.1
G0000066,T0159135,V002,2025-11-28 15:12:00,24.950492,67.182047,31.8
G0000067,T0274260,V004,2026-01-06 09:56:00,24.753831,67.10695,36.5
G0000068,T0289291,V015,2026-06-03 13:55:00,24.811635,67.027781,34.4
G0000069,T0326901,V004,2026-03-10 15:45:00,24.86889,67.135762,32.8
G0000070,T0394354,V142,2026-02-28 09:28:00,24.823268,66.991725,24.7
G0000071,T0295112,V014,2026-05-14 09:54:00,24.897623,66.950474,34.1
G0000072,T0488444,V214,2026-05-18 09:15:00,24.901678,67.152111,42.5
G0000073,T0275673,V161,2025-11-04 19:04:00,24.908276,66.982988,21.4
G0000074,T0271378,V011,2025-10-02 19:00:00,24.805135,67.172616,14.3
G0000075,T0027584,V151,2025-11-01 10:07:00,25.036229,67.11861,24.9
G0000076,T0201710,V105,2026-09-18 10:09:00,24.831501,66.990178,38.4
G0000077,T0502242,V127,2026-05-08 14:36:00,24.901266,67.041309,36.4
G0000078,T0498227,V167,2026-07-06 05:57:00,24.908539,67.003064,34.2
G0000079,T0382510,V206,2026-08-05 13:12:00,24.877239,67.088353,24.1
G0000080,T0360470,V121,2026-01-07 09:33:00,24.967492,67.01133,15.8
G0000081,T0264990,V151,2026-09-25 09:20:00,24.877378,67.089186,24.7
G0000082,T0310885,V223,2026-06-29 14:24:00,24.780495,67.073642,25.0
G0000083,T0389621,V079,2026-06-10 08:26:00,24.827316,66.956031,28.1
G0000084,T0403071,V247,2026-04-24 11:07:00,24.910414,67.048537,29.3
G0000085,T0116023,V108,2026-06-24 20:43:00,24.875478,67.096353,25.3
G0000086,T0037834,V106,2026-09-22 05:58:00,24.748647,67.055701,29.7
G0000087,T0242749,V052,2026-08-14 14:49:00,24.812249,67.062454,26.6
G0000088,T0480620,V136,2026-09-23 06:16:00,24.875208,66.944573,9.3
G0000089,T0106538,V011,2025-11-14 07:43:00,24.842549,67.068079,36.9
G0000090,T0453102,V125,2026-04-17 13:33:00,24.828912,66.971909,23.4
G0000091,T0048984,V005,2025-10-28 12:57:00,24.848829,67.111203,32.7
G0000092,T0439597,V043,2026-04-20 07:05:00,24.955884,67.005464,25.9
G0000093,T0154627,V199,2026-09-23 08:58:00,24.889069,67.098755,9.4
G0000094,T0119543,V190,2026-09-10 07:33:00,24.864597,67.069425,33.0
G0000095,T0496899,V086,2026-04-13 10:00:00,24.956743,67.054282,33.5
G0000096,T0340467,V196,2025-10-29 19:01:00,24.905771,66.958771,21.1
G0000097,T0241971,V038,2026-06-20 13:12:00,24.849164,67.151828,21.7
G0000098,T0453300,V201,2026-04-26 17:50:00,24.878077,66.905273,14.3
G0000099,T0477864,V222,2026-07-17 12:49:00,24.886896,66.943628,24.9
G0000100,T0053357,V172,2026-05-17 14:33:00,24.850447,66.98134,24.9
G0000101,T0255924,V244,2026-04-26 09:42:00,24.863332,67.092103,30.7
G0000102,T0021112,V110,2025-11-25 08:19:00,24.898314,67.049039,44.1
G0000103,T0092380,V042,2026-02-06 15:25:00,24.817652,67.027622,23.1
G0000104,T0234263,V098,2026-02-24 11:50:00,24.983682,67.049919,36.3
G0000105,T0411609,V015,2026-09-14 20:43:00,24.879574,67.04647,18.3
G0000106,T0287941,V178,2026-03-20 15:33:00,24.849848,67.011489,0.0
G0000107,T0098606,V246,2026-06-11 14:46:00,24.818985,67.034346,19.6
G0000108,T0154047,V227,2026-05-23 07:41:00,24.876299,67.056309,18.5
G0000109,T0313555,V105,2026-08-19 07:24:00,24.874239,67.025777,30.6
G0000110,T0252068,V098,2026-02-20 16:16:00,24.774128,67.012815,32.6
G0000111,T0342029,V024,2026-02-06 18:36:00,24.842256,67.095522,21.0
G0000112,T0424128,V111,2026-09-21 11:12:00,24.886518,67.055556,15.7
G0000113,T0089538,V227,2025-10-09 10:59:00,24.823758,67.065226,26.9
G0000114,T0343068,V211,2026-04-12 15:02:00,24.835249,67.072203,20.0
G0000115,T0248117,V052,2025-12-19 07:27:00,24.936735,67.128577,16.8
G0000116,T0388987,V236,2026-05-12 04:59:00,24.805691,67.023967,12.7
G0000117,T0220528,V075,2026-02-06 09:21:00,24.827619,67.042473,40.2
G0000118,T0444729,V138,2025-12-13 15:33:00,24.84504,67.034185,43.3
G0000119,T0220084,V048,2026-01-14 16:46:00,24.903951,67.005601,15.1
G0000120,T0398443,V034,2025-11-12 17:17:00,24.912134,67.008463,24.9
G0000121,T0402971,V074,2026-04-21 09:57:00,24.929669,67.081826,24.3
G0000122,T0263892,V228,2026-09-09 20:38:00,24.857288,67.094367,30.2
G0000123,T0069613,V167,2026-08-18 11:57:00,24.899156,67.136898,18.6
G0000124,T0119390,V118,2026-09-07 21:41:00,24.883407,67.108641,22.5
G0000125,T0438434,V123,2026-01-25 08:22:00,24.848526,67.03248,22.8
G0000126,T0114907,V065,2026-05-27 06:46:00,24.803704,67.248398,17.9
G0000127,T0075360,V114,2025-12-17 15:00:00,24.806945,67.03633,22.5
G0000128,T0116573,V188,2026-07-07 17:29:00,24.856091,67.104087,30.4
G0000129,T0053134,V156,2026-04-24 12:54:00,24.881947,67.092448,18.5
G0000130,T0152989,V010,2026-09-22 05:24:00,24.824751,67.030297,25.7
G0000131,T0088899,V021,2026-04-15 07:52:00,24.887503,67.008736,24.5
G0000132,T0475504,V136,2026-05-13 07:45:00,24.862583,67.089418,14.5
G0000133,T0181023,V211,2026-03-26 05:09:00,24.810067,66.890101,16.1
G0000134,T0372523,V013,2026-04-06 08:08:00,24.781429,66.932444,24.1
G0000135,T0136393,V099,2025-10-06 17:19:00,24.747687,67.184876,17.0
G0000136,T0337015,V196,2026-01-26 05:35:00,24.87215,67.089323,30.6
G0000137,T0412301,V186,2025-11-03 11:00:00,24.831247,67.037112,18.0
G0000138,T0485129,V178,2026-09-14 18:26:00,24.989527,66.999534,12.7
G0000139,T0448698,V190,2026-05-25 14:02:00,24.881343,67.084142,30.6
G0000140,T0373436,V033,2026-06-12 15:28:00,24.864832,67.099402,15.5
G0000141,T0010786,V101,2026-01-28 14:03:00,24.862524,67.178889,15.5
G0000142,T0010087,V149,2025-11-19 11:38:00,24.918951,67.098687,18.8
G0000143,T0394956,V183,2026-04-12 10:53:00,24.771743,67.069676,11.0
G0000144,T0167296,V045,2026-06-24 17:33:00,24.848239,67.00425,25.3
G0000145,T0172334,V205,2026-07-10 13:32:00,24.874549,66.94466,34.8
G0000146,T0079958,V188,2026-04-11 21:16:00,24.783666,67.162684,35.4
G0000147,T0454406,V006,2026-07-03 16:45:00,24.891245,67.011923,43.3
G0000148,T0289048,V138,2026-05-22 05:23:00,24.869304,66.950431,26.1
G0000149,T0194810,V203,2026-04-09 17:44:00,24.848974,67.077509,38.2
G0000150,T0297055,V250,2026-09-12 15:37:00,24.936342,67.01013,12.0
G0000151,T0160325,V212,2025-12-28 08:21:00,24.847218,67.026211,27.7
G0000152,T0051977,V065,2025-12-31 08:18:00,24.836329,66.925056,31.5
G0000153,T0185980,V117,2026-08-06 23:24:00,24.873985,67.080377,19.4
G0000154,T0109655,V029,2026-01-25 15:58:00,24.930509,67.110919,27.0
G0000155,T0306421,V201,2026-03-26 08:08:00,24.828737,67.121894,18.8
G0000156,T0174500,V249,2026-01-25 10:10:00,24.863858,67.064445,31.6
G0000157,T0225383,V081,2025-11-30 08:02:00,24.897612,67.105007,32.2
G0000158,T0323506,V069,2025-12-24 16:35:00,24.854333,67.037321,24.7
G0000159,T0308175,V151,2026-05-01 15:22:00,24.845465,66.946119,9.4
G0000160,T0146970,V067,2026-07-24 12:59:00,24.872568,67.101649,31.8
G0000161,T0241807,V145,2026-06-10 08:25:00,24.840272,66.983006,27.1
G0000162,T0402106,V189,2026-03-19 08:19:00,24.911076,67.004535,20.5
G0000163,T0482514,V040,2026-02-16 16:55:00,24.912169,67.072271,28.4
G0000164,T0100569,V184,2026-07-14 09:58:00,24.83224,67.084333,23.6
G0000165,T0274195,V164,2025-12-19 08:46:00,24.80151,67.101002,27.6
G0000166,T0423489,V116,2026-08-19 13:11:00,24.917632,67.172707,19.2
G0000167,T0131799,V110,2026-01-05 09:34:00,24.816112,67.059882,15.3
G0000168,T0067858,V140,2026-04-09 10:14:00,24.818127,67.042886,36.7
G0000169,T0018074,V180,2026-01-07 07:33:00,24.831278,67.167779,34.9
G0000170,T0303816,V167,2026-02-04 09:21:00,24.833203,66.977284,39.0
G0000171,T0175569,V154,2026-06-02 06:18:00,24.848847,67.04856,18.0
G0000172,T0316569,V114,2025-12-03 16:15:00,24.905439,67.027257,11.7
G0000173,T0080116,V247,2026-04-15 17:09:00,24.904156,67.132183,13.9
G0000174,T0488730,V202,2026-06-11 06:02:00,24.961335,67.137871,30.2
G0000175,T0114915,V230,2026-05-27 11:01:00,24.857449,67.07145,16.7
G0000176,T0435057,V214,2025-12-15 08:24:00,24.919997,66.994416,27.3
G0000177,T0352568,V142,2025-12-17 13:03:00,24.852866,66.990298,32.2
G0000178,T0248251,V183,2025-12-22 16:13:00,24.91922,66.993573,14.2
G0000179,T0444152,V099,2026-09-22 11:18:00,24.889386,67.072724,33.1
G0000180,T0407619,V111,2025-10-16 16:57:00,24.81966,67.098571,24.6
G0000181,T0158045,V134,2025-10-30 13:01:00,24.876929,67.017665,34.1
G0000182,T0399120,V172,2025-12-08 06:42:00,24.832367,66.963123,26.4
G0000183,T0145020,V231,2026-05-30 22:46:00,24.939448,67.066579,24.2
G0000184,T0069472,V184,2026-08-07 06:00:00,24.812727,67.036751,23.4
G0000185,T0473861,V234,2026-04-01 15:53:00,24.915815,67.112576,25.9
G0000186,T0250564,V063,2026-01-28 16:54:00,24.863308,67.116731,17.9
G0000187,T0130079,V170,2026-05-17 17:56:00,24.84234,66.991271,22.9
G0000188,T0113998,V139,2026-05-04 22:57:00,24.873732,66.989657,25.7
G0000189,T0162261,V205,2026-02-13 17:39:00,24.9005,67.008343,33.8
G0000190,T0460675,V064,2026-06-04 06:26:00,24.870039,67.055344,13.7
G0000191,T0339115,V239,2026-07-21 19:33:00,24.853566,67.03934,8.1
G0000192,T0351186,V215,2025-10-13 17:00:00,24.932379,67.169608,12.2
G0000193,T0116561,V134,2026-07-07 07:45:00,24.8863,67.092324,23.9
G0000194,T0150592,V248,2026-01-16 16:16:00,24.814746,67.103331,36.2
G0000195,T0132487,V163,2026-02-13 07:42:00,24.875388,67.088145,23.5
G0000196,T0067494,V076,2026-03-12 17:56:00,24.850131,67.02699,27.1
G0000197,T0237704,V193,2026-09-06 15:58:00,24.828495,66.903453,33.8
G0000198,T0270440,V250,2026-02-11 07:18:00,24.919498,67.137309,26.8
G0000199,T0143620,V012,2026-04-20 20:53:00,24.89398,67.113792,13.0
G0000200,T0367473,V219,2026-08-07 14:27:00,24.881844,66.998514,20.2
G0000201,T0136370,V101,2025-10-05 21:37:00,24.782051,67.110916,25.6
G0000202,T0338767,V050,2026-06-20 09:26:00,24.857139,67.018059,30.2
G0000203,T0165271,V012,2026-05-02 11:47:00,24.866403,66.973164,23.1
G0000204,T0360687,V176,2026-01-21 09:43:00,24.825834,67.116537,13.0
G0000205,T0466240,V225,2026-08-12 19:22:00,24.814032,66.959318,22.5
G0000206,T0065444,V144,2025-10-16 16:46:00,24.786071,67.011547,31.2
G0000207,T0086140,V177,2026-09-20 21:10:00,24.797826,66.977782,28.4
G0000208,T0442070,V207,2025-11-13 06:30:00,24.784349,67.101488,32.9
G0000209,T0095716,V165,2026-07-06 10:42:00,24.846986,67.105737,19.7
G0000210,T0186575,V095,2026-09-23 09:35:00,24.882141,67.000557,27.8
G0000211,T0103912,V085,2026-07-05 14:20:00,24.858526,67.079885,25.8
G0000212,T0129083,V144,2026-03-15 16:52:00,24.81436,67.043386,26.7
G0000213,T0061123,V106,2026-06-04 19:28:00,24.860805,67.098573,15.8
G0000214,T0199858,V249,2026-08-09 08:13:00,24.857984,66.963634,24.0
G0000215,T0094282,V214,2026-04-29 18:45:00,24.82468,67.0105,10.6
G0000216,T0162263,V156,2026-02-13 13:53:00,24.926883,66.980182,19.9
G0000217,T0408755,V194,2026-01-19 08:27:00,24.772583,67.042663,32.7
G0000218,T0263410,V008,2026-09-02 17:28:00,24.837195,67.008937,26.3
G0000219,T0087334,V193,2026-03-08 12:33:00,24.886444,67.110295,7.1
G0000220,T0378597,V093,2026-02-20 16:23:00,24.859941,67.230148,34.6
G0000221,T0352861,V129,2025-12-30 23:13:00,24.805406,67.003894,37.7
G0000222,T0251103,V172,2026-02-05 17:00:00,24.922892,66.977139,18.9
G0000223,T0230035,V248,2026-09-15 17:19:00,24.935614,67.117067,11.0
G0000224,T0086667,V042,2025-10-26 16:37:00,24.826899,67.003777,10.1
G0000225,T0240463,V062,2026-03-04 09:57:00,24.839167,67.170825,16.7
G0000226,T0083004,V223,2026-07-02 14:11:00,24.860786,67.059731,20.8
G0000227,T0398339,V237,2025-11-09 13:06:00,24.843458,67.083514,29.4
G0000228,T0307205,V073,2026-04-11 10:58:00,24.861992,67.023447,30.0
G0000229,T0025682,V135,2026-03-19 10:28:00,24.874061,66.909639,23.7
G0000230,T0252787,V201,2026-03-04 22:22:00,24.830398,67.118674,21.3
G0000231,T0225622,V152,2025-12-25 08:16:00,24.8507,67.043229,16.1
G0000232,T0142172,V179,2026-03-09 19:16:00,24.806786,67.063321,31.6
G0000233,T0232492,V156,2025-11-20 10:31:00,24.881467,67.039598,34.3
G0000234,T0007907,V048,2026-02-22 20:22:00,24.858701,67.023132,19.0
G0000235,T0480656,V200,2026-09-24 09:03:00,24.881682,66.996168,28.1
G0000236,T0276652,V233,2026-01-15 09:36:00,24.813331,66.947366,26.9
G0000237,T0010090,V019,2025-11-19 09:49:00,24.942433,67.024813,37.6
G0000238,T0162751,V103,2026-02-24 16:09:00,24.835423,67.076987,17.1
G0000239,T0494714,V101,2025-12-04 17:12:00,24.814879,67.036331,31.0
G0000240,T0394945,V112,2026-04-11 15:35:00,24.889567,67.103504,23.4
G0000241,T0501118,V161,2026-01-30 13:03:00,24.825925,67.069472,40.3
G0000242,T0444562,V128,2025-11-21 07:13:00,24.806968,67.048329,19.3
G0000243,T0456297,V084,2025-10-11 20:06:00,24.810968,66.954392,27.5
G0000244,T0271640,V158,2025-11-11 08:20:00,24.87665,67.101577,22.4
G0000245,T0238338,V072,2025-10-12 11:22:00,24.909512,67.035564,30.8
G0000246,T0199215,V107,2026-07-24 09:10:00,24.84691,67.020938,19.5
G0000247,T0182709,V167,2025-10-12 16:59:00,24.847467,66.966639,25.0
G0000248,T0021600,V165,2026-01-13 07:42:00,24.786666,67.009766,16.2
G0000249,T0171002,V133,2026-09-24 08:30:00,24.872573,67.113005,36.6
G0000250,T0026426,V021,2026-06-20 15:32:00,24.92996,67.094,21.7
G0000251,T0369223,V042,2026-05-16 07:34:00,24.827146,67.062758,33.0
G0000252,T0281737,V130,2026-01-29 19:10:00,24.891839,66.902134,23.5
G0000253,T0169989,V082,2026-09-01 11:50:00,24.91391,67.14797,23.0
G0000254,T0015666,V201,2026-05-13 12:43:00,24.847722,67.091892,12.2
G0000255,T0036013,V016,2026-07-01 08:07:00,24.876585,67.010429,28.9
G0000256,T0102124,V117,2026-01-21 07:54:00,24.90172,67.084821,21.3
G0000257,T0212274,V071,2026-04-11 22:21:00,24.85322,67.038601,29.8
G0000258,T0339630,V172,2026-08-31 15:18:00,24.815049,67.110161,28.6
G0000259,T0424304,V108,2025-10-02 18:29:00,24.875101,67.128954,25.0
G0000260,T0080558,V066,2026-04-27 17:34:00,24.771366,66.999421,24.8
G0000261,T0470198,V129,2025-12-29 05:06:00,24.796053,67.03109,29.3
G0000262,T0271509,V121,2025-10-23 16:16:00,24.816485,67.201917,34.0
G0000263,T0182782,V237,2025-10-18 22:37:00,24.890534,67.082214,31.5
G0000264,T0018638,V025,2026-03-03 06:12:00,24.926473,67.00218,24.6
G0000265,T0245936,V183,2025-11-14 17:41:00,24.864893,67.02281,29.2
G0000266,T0480180,V063,2026-09-13 18:45:00,24.887002,67.098147,25.5
G0000267,T0203359,V229,2026-01-30 06:31:00,24.816267,67.076957,12.6
G0000268,T0207902,V042,2025-12-08 06:09:00,24.936358,67.041387,23.2
G0000269,T0118643,V249,2026-08-22 21:49:00,24.93507,66.966796,25.2
G0000270,T0200982,V149,2026-09-03 16:50:00,24.788431,67.028118,57.3
G0000271,T0266696,V201,2026-01-24 21:14:00,24.833601,67.067424,19.0
G0000272,T0128417,V010,2026-09-25 18:52:00,24.87884,67.055387,33.5
G0000273,T0066645,V249,2026-01-14 15:23:00,24.798679,66.964575,35.3
G0000274,T0328951,V117,2026-04-27 07:57:00,24.830653,66.958147,19.8
G0000275,T0481593,V055,2025-12-06 20:16:00,24.897135,67.068649,25.1
G0000276,T0263522,V226,2026-09-03 10:00:00,24.738215,67.007038,27.5
G0000277,T0210987,V234,2026-03-04 17:42:00,24.90993,67.127803,25.0
G0000278,T0439447,V021,2026-04-08 18:49:00,24.889555,67.090243,40.3
G0000279,T0152959,V128,2026-09-19 12:26:00,24.840753,67.071694,37.1
G0000280,T0226930,V005,2026-05-21 08:06:00,24.788633,67.048812,21.3
G0000281,T0140559,V221,2026-01-27 13:27:00,24.824014,67.007757,31.5
G0000282,T0495149,V249,2026-01-01 08:44:00,24.760478,67.036246,28.5
G0000283,T0283638,V236,2026-07-04 15:17:00,24.86671,67.12528,37.8
G0000284,T0278367,V055,2026-05-15 16:33:00,24.876534,67.086249,4.2
G0000285,T0345560,V242,2026-09-25 18:14:00,24.862564,67.056307,20.4
G0000286,T0056689,V223,2026-04-10 06:57:00,24.810974,66.977288,20.6
G0000287,T0124429,V207,2026-03-26 17:07:00,24.945731,67.043326,31.4
G0000288,T0119664,V060,2026-09-12 11:25:00,24.867151,66.992821,19.6
G0000289,T0392820,V205,2025-11-17 15:37:00,24.868929,67.026886,37.0
G0000290,T0442059,V092,2025-11-12 20:55:00,24.94246,67.08995,36.2
G0000291,T0030970,V210,2025-10-27 15:09:00,24.818448,66.971412,23.4
G0000292,T0291819,V011,2025-10-27 16:11:00,24.87871,67.093902,28.3
G0000293,T0509666,V056,2026-08-28 00:39:00,24.8983,67.186795,20.7
G0000294,T0231385,V131,2026-07-26 19:07:00,24.778805,67.112032,12.6
G0000295,T0028354,V040,2026-01-28 07:37:00,24.835429,67.11556,18.4
G0000296,T0313347,V238,2026-08-15 18:11:00,24.84978,67.073496,31.3
G0000297,T0374491,V059,2026-08-26 09:16:00,24.818851,67.167389,43.7
G0000298,T0068275,V072,2026-05-09 20:19:00,24.869638,66.958579,16.5
G0000299,T0212509,V128,2026-04-18 10:13:00,24.884504,66.991813,36.5
G0000300,T0076639,V192,2026-01-17 14:49:00,24.885778,66.986466,39.0
G0000301,T0352782,V092,2025-12-26 15:33:00,24.881556,66.999559,24.9
G0000302,T0011942,V105,2026-05-23 10:33:00,24.834481,67.149664,19.2
G0000303,T0088847,V244,2026-03-24 05:55:00,24.887735,67.149189,27.6
G0000304,T0445539,V186,2026-04-01 06:03:00,24.78305,67.025541,41.6
G0000305,T0210255,V216,2026-02-11 04:14:00,24.950013,66.966337,25.2
G0000306,T0120079,V086,2026-09-21 07:48:00,24.883742,67.123492,29.8
G0000307,T0142704,V143,2026-03-25 06:52:00,24.868547,67.039049,12.8
G0000308,T0358527,V238,2026-09-07 09:51:00,24.82217,67.063122,42.8
G0000309,T0388057,V188,2026-03-31 13:45:00,24.85298,67.207246,20.2
G0000310,T0328261,V064,2026-04-11 13:16:00,24.888617,67.044575,34.9
G0000311,T0391218,V074,2026-08-21 18:09:00,24.885923,67.088815,29.4
G0000312,T0369081,V018,2026-04-17 06:00:00,24.913387,67.111083,31.3
G0000313,T0195830,V020,2026-05-04 11:30:00,24.871623,67.02873,38.9
G0000314,T0335256,V033,2026-09-22 16:45:00,24.832147,67.032225,36.6
G0000315,T0170240,V136,2026-09-07 08:13:00,24.91748,67.044184,16.6
G0000316,T0331282,V045,2026-06-24 18:02:00,24.785438,67.146784,26.2
G0000317,T0135864,V173,2026-09-11 05:52:00,24.857499,67.095363,16.2
G0000318,T0076683,V128,2026-01-18 14:32:00,24.86326,66.9076,32.3
G0000319,T0109602,V141,2026-01-23 13:09:00,24.880442,67.049567,25.8
G0000320,T0143291,V156,2026-04-11 09:07:00,24.914474,67.088514,36.4
G0000321,T0389006,V132,2026-05-13 06:37:00,24.922237,66.982602,26.1
G0000322,T0359202,V233,2025-10-13 09:10:00,24.804215,67.109521,33.5
G0000323,T0261536,V040,2026-08-02 09:11:00,24.848703,67.021471,15.7
G0000324,T0146078,V228,2026-06-30 15:04:00,24.854009,67.155187,43.4
G0000325,T0394628,V131,2026-03-18 19:13:00,24.913052,67.037204,42.3
G0000326,T0074589,V191,2025-11-27 22:11:00,24.889678,67.008549,24.6
G0000327,T0363318,V210,2026-07-16 09:13:00,24.978518,66.996248,32.1
G0000328,T0207471,V143,2025-11-25 06:25:00,24.848407,66.969939,13.8
G0000329,T0299235,V035,2025-11-10 19:28:00,24.825045,67.091475,26.9
G0000330,T0447018,V146,2025-10-21 17:23:00,24.89145,67.128973,44.2
G0000331,T0484055,V130,2026-06-22 13:40:00,24.814144,66.994836,26.4
G0000332,T0414533,V005,2026-03-13 16:05:00,24.899875,66.98368,38.7
G0000333,T0107039,V234,2025-11-27 05:42:00,24.880554,67.048939,28.8
G0000334,T0273764,V015,2026-09-12 15:51:00,24.956274,67.094625,35.1
G0000335,T0310756,V197,2026-06-25 07:21:00,24.822009,67.052794,18.4
G0000336,T0436384,V198,2026-07-15 09:07:00,24.921356,66.993899,24.3
G0000337,T0503729,V192,2026-09-13 18:10:00,24.839506,66.995773,40.6
G0000338,T0191158,V122,2026-01-16 13:51:00,24.945368,67.102832,16.1
G0000339,T0104266,V176,2026-08-10 16:40:00,24.804215,66.997739,35.0
G0000340,T0372860,V003,2026-05-01 18:16:00,24.878159,67.065416,25.3
G0000341,T0036036,V242,2026-07-02 09:40:00,24.882119,67.157421,28.3
G0000342,T0327837,V196,2026-04-01 18:06:00,24.826808,67.101193,29.7
G0000343,T0156455,V146,2026-07-09 19:13:00,24.843702,67.118556,31.7
G0000344,T0325793,V002,2026-02-13 14:41:00,24.845794,66.951353,43.6
G0000345,T0238649,V206,2025-11-05 09:36:00,24.838427,67.107566,20.9
G0000346,T0281952,V047,2026-02-13 11:06:00,24.932616,66.903072,38.5
G0000347,T0223086,V224,2026-06-25 19:20:00,24.856138,67.169035,29.7
G0000348,T0315044,V106,2026-09-14 07:22:00,24.807798,67.06463,12.0
G0000349,T0116971,V220,2026-07-16 07:32:00,24.832331,67.147901,40.2
G0000350,T0133091,V143,2026-03-19 17:46:00,24.761119,67.01112,32.9
G0000351,T0386447,V026,2026-01-21 14:41:00,24.823832,67.011786,35.2
G0000352,T0275794,V031,2025-11-13 17:09:00,24.813575,66.967513,16.6
G0000353,T0104284,V077,2026-08-11 07:33:00,24.818111,66.997193,30.3
G0000354,T0275530,V160,2025-10-24 22:09:00,24.816318,67.107118,29.3
G0000355,T0012352,V125,2026-07-02 19:30:00,24.883858,67.009283,33.3
G0000356,T0186215,V044,2026-08-26 07:52:00,24.848868,67.118748,30.5
G0000357,T0408631,V236,2026-01-10 20:43:00,24.82534,67.075636,28.8
G0000358,T0027197,V088,2026-09-13 14:41:00,24.836841,67.137794,40.1
G0000359,T0052611,V097,2026-02-28 18:48:00,24.943399,66.979606,34.0
G0000360,T0260511,V161,2026-07-15 17:14:00,24.854884,67.07033,33.8
G0000361,T0199945,V123,2026-08-11 19:28:00,24.877519,67.047903,37.3
G0000362,T0170106,V095,2026-09-03 17:22:00,24.758893,66.974354,20.8
G0000363,T0492507,V037,2025-11-20 12:10:00,24.791774,67.09896,12.8
G0000364,T0316212,V163,2025-10-31 07:11:00,24.80139,67.022811,25.1
G0000365,T0442079,V029,2025-11-15 13:14:00,24.839054,67.158189,30.0
G0000366,T0421634,V245,2026-05-05 16:22:00,24.891087,67.074249,39.6
G0000367,T0201895,V240,2026-09-21 07:44:00,24.893672,67.045218,18.1
G0000368,T0284387,V115,2026-09-03 17:09:00,24.919752,66.97534,20.0
G0000369,T0367383,V191,2026-07-29 19:45:00,24.879226,67.046184,32.3
G0000370,T0373594,V053,2026-06-23 18:46:00,24.889174,66.997937,38.5
G0000371,T0420877,V123,2026-03-22 14:55:00,24.978026,66.96466,21.2
G0000372,T0287140,V198,2026-02-09 14:44:00,24.853844,67.05537,27.7
G0000373,T0216066,V190,2026-08-03 12:13:00,24.832153,67.065416,23.9
G0000374,T0323268,V090,2025-12-18 08:08:00,24.898992,67.079861,32.9
G0000375,T0463412,V022,2025-11-27 22:31:00,24.884687,66.933753,31.5
G0000376,T0062721,V089,2025-11-13 08:00:00,24.946858,67.099842,41.2
G0000377,T0206937,V125,2025-11-10 13:24:00,24.909469,67.135164,31.0
G0000378,T0360487,V202,2026-01-08 22:53:00,24.81328,66.995397,26.3
G0000379,T0131617,V160,2025-12-24 08:03:00,24.896319,67.069044,27.4
G0000380,T0325489,V239,2026-02-06 16:18:00,24.86402,67.072422,27.5
G0000381,T0472514,V076,2026-02-24 16:19:00,24.891373,67.155455,20.4
G0000382,T0335693,V177,2025-10-13 08:30:00,24.896061,66.95675,29.0
G0000383,T0231448,V110,2026-08-09 19:16:00,24.814064,67.058454,26.0
G0000384,T0230003,V174,2026-09-09 12:56:00,24.837912,67.089393,20.1
G0000385,T0325578,V074,2026-02-09 14:46:00,24.882087,67.055582,34.0
G0000386,T0373421,V171,2026-06-11 14:50:00,24.912746,67.210081,11.1
G0000387,T0485536,V115,2025-10-16 08:57:00,24.870315,67.103185,16.6
G0000388,T0062545,V246,2025-10-20 14:16:00,24.881542,66.970331,47.8
G0000389,T0437634,V006,2025-11-30 07:51:00,24.818056,67.026757,16.4
G0000390,T0302145,V144,2026-01-05 15:11:00,24.842126,67.041024,40.1
G0000391,T0064217,V174,2026-05-22 14:49:00,24.795076,67.153227,33.3
G0000392,T0426321,V242,2025-10-30 08:03:00,24.793289,67.068777,21.2
G0000393,T0317899,V022,2026-03-23 16:08:00,24.832824,67.127251,34.3
G0000394,T0445350,V148,2026-03-04 11:39:00,24.868319,67.00779,21.1
G0000395,T0463456,V063,2025-12-01 10:07:00,24.913189,67.127689,19.6
G0000396,T0122022,V082,2025-12-13 11:24:00,24.893166,67.059521,33.9
G0000397,T0410208,V239,2026-05-16 15:38:00,24.799136,67.105013,29.9
G0000398,T0244538,V067,2025-10-21 18:21:00,24.782676,67.032119,23.2
G0000399,T0155529,V018,2026-02-12 20:10:00,24.861047,67.044979,22.6
G0000400,T0202727,V222,2025-11-25 07:17:00,24.875629,67.077071,9.2
G0000401,T0025422,V045,2026-02-19 16:00:00,24.843611,66.914078,39.6
G0000402,T0186058,V159,2026-08-12 17:56:00,24.897095,67.069347,27.6
G0000403,T0262289,V120,2026-08-15 04:13:00,24.81515,67.159996,32.5
G0000404,T0030752,V044,2025-10-16 18:10:00,24.929327,67.017444,16.2
G0000405,T0243468,V178,2025-10-01 13:50:00,24.983953,67.068457,18.4
G0000406,T0273471,V098,2026-08-06 13:54:00,24.831307,67.118532,27.3
G0000407,T0148230,V050,2026-08-27 06:49:00,24.858761,67.077081,12.6
G0000408,T0166490,V181,2026-06-03 12:34:00,24.925558,66.997408,22.6
G0000409,T0384541,V090,2025-10-28 12:54:00,24.86152,67.129871,27.7
G0000410,T0461414,V062,2026-07-17 19:43:00,24.876209,67.110286,21.1
G0000411,T0040512,V110,2026-02-23 19:17:00,24.769355,67.159376,19.1
G0000412,T0290597,V249,2026-08-18 10:25:00,24.913644,67.042471,5.0
G0000413,T0110757,V081,2026-02-18 07:31:00,24.872119,67.086394,28.0
G0000414,T0432297,V058,2025-12-28 16:53:00,24.974615,66.982912,38.2
G0000415,T0135118,V115,2026-07-31 09:04:00,24.708655,67.067886,25.0
G0000416,T0301240,V241,2025-12-18 08:12:00,24.793157,67.113345,20.7
G0000417,T0054851,V135,2025-10-14 07:47:00,24.888292,67.036389,19.8
G0000418,T0324444,V227,2026-01-14 15:20:00,24.949811,66.966958,27.9
G0000419,T0461715,V202,2026-08-03 08:19:00,24.873736,67.170389,27.7
G0000420,T0414125,V069,2026-02-20 15:31:00,24.81564,67.050605,23.2
G0000421,T0403089,V100,2026-04-24 05:16:00,24.819762,67.138799,13.0
G0000422,T0173224,V097,2026-06-02 18:15:00,24.847111,67.084375,28.4
G0000423,T0023868,V072,2026-08-30 13:53:00,24.825528,67.069032,22.7
G0000424,T0204451,V241,2026-05-25 08:03:00,24.884952,67.079192,26.3
G0000425,T0301835,V234,2025-12-30 08:01:00,24.856234,67.047903,41.8
G0000426,T0196837,V215,2026-05-27 07:21:00,24.857942,66.916306,14.9
G0000427,T0327817,V027,2026-04-01 14:04:00,24.839365,67.100266,36.4
G0000428,T0063822,V068,2026-03-30 09:10:00,24.872293,66.986532,32.7
G0000429,T0387738,V134,2026-03-17 08:14:00,24.910532,66.981067,20.8
G0000430,T0335949,V225,2025-11-03 19:33:00,24.820674,67.022042,20.1
G0000431,T0128515,V145,2026-09-28 17:28:00,24.840122,66.98513,8.5
G0000432,T0490277,V111,2026-09-28 06:37:00,24.839105,66.984915,37.6
G0000433,T0395932,V012,2026-06-23 05:16:00,24.881877,66.953569,18.0
G0000434,T0400658,V076,2026-01-30 09:47:00,24.873683,67.158711,22.8
G0000435,T0102103,V145,2026-01-19 07:42:00,24.888139,67.127579,23.3
G0000436,T0070751,V143,2026-03-16 18:58:00,24.789281,67.065893,15.0
G0000437,T0334630,V043,2026-09-09 07:06:00,24.928542,67.150105,22.9
G0000438,T0219765,V017,2025-12-29 07:15:00,24.883324,67.000343,27.0
G0000439,T0390082,V182,2026-07-03 11:30:00,24.926861,67.002327,5.0
G0000440,T0181096,V081,2026-04-04 07:16:00,24.83844,66.975992,33.5
G0000441,T0481835,V048,2025-12-24 08:16:00,24.862683,66.902084,31.9
G0000442,T0326520,V141,2026-03-01 11:22:00,24.854169,67.141914,29.4
G0000443,T0151787,V019,2026-05-19 19:24:00,24.953396,67.029502,21.6
G0000444,T0309886,V203,2026-06-08 10:59:00,24.931145,67.261846,15.3
G0000445,T0140243,V161,2026-01-19 04:52:00,24.891967,67.068192,19.7
G0000446,T0123219,V170,2026-02-03 07:50:00,24.908253,66.999492,16.7
G0000447,T0104821,V020,2026-09-28 07:19:00,24.886534,67.099896,18.4
G0000448,T0408946,V041,2026-02-02 20:20:00,24.884234,67.158213,29.5
G0000449,T0369767,V113,2026-08-28 17:07:00,24.776512,67.12022,28.9
G0000450,T0170245,V230,2026-09-07 20:56:00,24.809117,67.028291,20.8
G0000451,T0130664,V173,2025-10-26 14:13:00,24.831069,67.025978,26.3
G0000452,T0127767,V111,2026-08-29 14:04:00,24.882721,67.061293,29.4
G0000453,T0013242,V011,2026-09-24 16:37:00,24.752779,67.152261,15.4
G0000454,T0393692,V048,2026-01-16 08:47:00,24.870064,67.022127,22.6
G0000455,T0448293,V127,2026-04-05 09:16:00,24.863655,67.13079,38.7
G0000456,T0403722,V231,2026-05-18 17:32:00,24.822544,67.07705,18.2
G0000457,T0279287,V210,2026-07-22 17:57:00,24.859672,66.948659,14.8
G0000458,T0072561,V185,2026-09-26 13:55:00,24.843827,67.102035,18.9
G0000459,T0491013,V245,2026-02-06 08:35:00,24.87006,67.094199,33.2
G0000460,T0159395,V087,2025-12-04 11:09:00,24.762365,67.003219,28.0
G0000461,T0112125,V008,2026-03-19 08:51:00,24.835996,67.080245,29.5
G0000462,T0241860,V240,2026-06-13 18:15:00,24.915118,67.009523,20.8
G0000463,T0349454,V047,2026-06-25 06:30:00,24.912969,67.043768,15.0
G0000464,T0213897,V048,2026-05-28 09:14:00,24.886836,67.039708,29.7
G0000465,T0056847,V079,2026-04-25 20:11:00,24.800999,67.090586,29.4
G0000466,T0146934,V242,2026-07-23 05:02:00,24.880752,67.054221,11.7
G0000467,T0299478,V114,2025-11-15 20:41:00,24.831522,66.954667,19.9
G0000468,T0324842,V041,2026-01-23 08:52:00,24.869591,67.078651,40.7
G0000469,T0252474,V235,2026-02-27 19:26:00,24.815784,67.031413,23.1
G0000470,T0338979,V055,2026-07-09 11:18:00,24.83286,67.08095,24.6
G0000471,T0134980,V141,2026-07-22 07:26:00,24.865776,67.043353,6.0
G0000472,T0400160,V052,2026-01-14 19:14:00,24.880129,67.076328,20.4
G0000473,T0177748,V129,2026-02-17 18:08:00,24.913349,67.04082,23.4
G0000474,T0343256,V140,2026-04-24 19:58:00,24.814694,66.988879,23.8
G0000475,T0266022,V128,2025-12-02 08:19:00,24.805181,67.035445,31.1
G0000476,T0224761,V066,2026-09-23 21:13:00,24.838121,67.113784,29.7
G0000477,T0252078,V010,2026-02-20 05:51:00,24.885344,67.079109,34.2
G0000478,T0500120,V045,2025-11-07 07:57:00,24.833649,67.014473,21.9
G0000479,T0312387,V116,2026-07-27 19:15:00,24.969165,67.096966,7.6
G0000480,T0262037,V148,2026-08-10 14:29:00,24.894774,67.072539,18.0
G0000481,T0044252,V161,2025-10-07 08:42:00,24.837052,67.13377,20.6
G0000482,T0214973,V065,2026-07-01 09:36:00,24.873294,67.062105,23.6
G0000483,T0062835,V001,2025-11-27 16:51:00,24.939766,67.084709,21.3
G0000484,T0259673,V217,2026-07-01 20:08:00,24.800448,67.09775,20.6
G0000485,T0066325,V043,2025-12-22 15:25:00,24.889144,67.023388,30.0
G0000486,T0192850,V126,2026-02-21 09:28:00,24.814739,67.077771,17.3
G0000487,T0310282,V156,2026-06-15 23:37:00,24.85021,67.063886,20.5
G0000488,T0027425,V229,2025-10-13 17:47:00,24.892888,67.069306,31.2
G0000489,T0133467,V082,2026-04-13 13:57:00,24.863503,67.05788,26.0
G0000490,T0452444,V202,2026-03-09 22:23:00,24.837435,67.037348,15.7
G0000491,T0360408,V233,2026-01-03 17:51:00,24.823213,67.084878,27.2
G0000492,T0157764,V217,2025-10-22 08:20:00,24.926453,66.971211,30.2
G0000493,T0252284,V051,2026-02-24 07:06:00,24.882021,66.998223,16.8
G0000494,T0282678,V189,2026-04-14 14:54:00,24.879139,67.021861,17.2
G0000495,T0062781,V189,2025-11-20 14:02:00,24.781925,66.953595,34.4
G0000496,T0224659,V135,2026-09-18 11:27:00,24.749668,67.106434,15.1
G0000497,T0146431,V108,2026-07-09 14:04:00,24.960528,67.069287,27.8
G0000498,T0333678,V180,2026-08-19 11:15:00,24.856227,67.037701,35.6
G0000499,T0485468,V094,2025-10-09 09:31:00,24.819383,67.054726,21.5
G0000500,T0443126,V181,2026-04-20 11:13:00,24.784722,67.026353,28.6
G0000501,T0287388,V249,2026-02-20 08:13:00,24.961079,66.942758,45.2
G0000502,T0487684,V091,2026-03-21 20:50:00,24.814873,66.929342,30.8
G0000503,T0018792,V091,2026-03-20 08:21:00,24.863488,67.049283,36.1
G0000504,T0349347,V240,2026-06-16 08:08:00,24.919347,66.993984,23.5
G0000505,T0114421,V024,2026-05-14 19:23:00,24.914492,66.99328,20.6
G0000506,T0287960,V106,2026-03-21 17:47:00,24.833545,67.028527,9.1
G0000507,T0106146,V022,2025-11-05 21:57:00,24.965778,67.204805,11.2
G0000508,T0057973,V126,2026-08-18 18:42:00,24.79422,67.118435,21.7
G0000509,T0057092,V235,2026-05-24 18:59:00,24.857945,66.963382,10.7
G0000510,T0144338,V094,2026-05-10 14:36:00,24.82677,67.018414,16.0
G0000511,T0391056,V170,2026-08-13 16:46:00,24.849401,66.953374,29.8
G0000512,T0487999,V007,2026-04-14 11:13:00,24.907694,67.096129,20.9
G0000513,T0058237,V216,2026-09-11 14:35:00,24.899672,67.171619,27.0
G0000514,T0387648,V153,2026-03-12 20:37:00,24.908556,67.03535,23.0
G0000515,T0372288,V012,2026-03-18 17:15:00,24.900585,67.056492,26.4
G0000516,T0268865,V232,2026-07-17 06:39:00,24.902668,67.125546,29.6
G0000517,T0345117,V027,2026-09-01 12:52:00,24.813589,67.027845,28.5
G0000518,T0134350,V169,2026-06-11 15:52:00,24.830979,67.035059,27.2
G0000519,T0495598,V076,2026-01-27 17:08:00,24.776729,67.091438,35.8
G0000520,T0497063,V120,2026-04-23 13:11:00,24.850626,67.067207,13.9
G0000521,T0105031,V096,2025-10-06 19:37:00,24.932343,67.174544,17.5
G0000522,T0099999,V041,2026-03-27 14:03:00,24.89374,66.99776,29.4
G0000523,T0000844,V043,2025-10-13 14:24:00,24.892967,67.068646,34.8
G0000524,T0391481,V170,2026-09-01 17:54:00,24.812233,67.040075,38.9
G0000525,T0435012,V228,2025-12-08 07:48:00,24.835398,66.974622,28.9
G0000526,T0458011,V004,2026-01-14 19:32:00,24.824103,67.106031,26.7
G0000527,T0213421,V064,2026-05-14 09:54:00,24.844148,66.936681,16.8
G0000528,T0400175,V032,2026-01-14 16:50:00,24.802655,66.997521,35.5
G0000529,T0501933,V126,2026-04-09 14:05:00,24.84712,67.053176,12.3
G0000530,T0115953,V007,2026-06-23 12:28:00,24.892491,67.094794,24.9
G0000531,T0286076,V022,2025-12-16 20:19:00,24.929404,67.150563,20.3
G0000532,T0221831,V076,2026-04-17 15:53:00,24.854755,67.054594,25.7
G0000533,T0074025,V208,2025-11-13 21:28:00,24.826549,67.16608,26.5
G0000534,T0147948,V049,2026-08-20 08:11:00,24.863689,66.98486,39.7
G0000535,T0443490,V040,2026-06-16 19:19:00,24.78463,67.037577,23.5
G0000536,T0417706,V153,2026-09-25 14:32:00,24.875232,67.008298,28.7
G0000537,T0334671,V030,2026-09-10 08:10:00,24.805432,67.098494,32.3
G0000538,T0434819,V242,2025-11-06 12:55:00,24.94613,67.009578,18.4
G0000539,T0040053,V044,2026-01-30 19:26:00,24.851033,67.066979,18.9
G0000540,T0150984,V098,2026-02-21 17:28:00,24.812153,67.053747,25.7
G0000541,T0306683,V170,2026-04-01 07:37:00,24.790974,67.065735,42.7
G0000542,T0354853,V127,2026-03-24 17:07:00,24.897879,67.036897,29.7
G0000543,T0482989,V085,2026-03-26 08:15:00,24.869471,67.062901,24.3
G0000544,T0199278,V083,2026-07-26 14:40:00,24.747481,66.97874,25.8
G0000545,T0383597,V123,2026-09-15 19:39:00,24.809314,67.017146,29.4
G0000546,T0337146,V208,2026-02-05 17:17:00,24.85408,67.050893,33.3
G0000547,T0039733,V172,2026-01-13 07:54:00,24.907128,67.026962,28.9
G0000548,T0056070,V135,2026-02-07 21:39:00,24.819,67.141966,23.7
G0000549,T0136921,V088,2025-10-22 12:03:00,24.882162,67.086686,13.6
G0000550,T0227929,V233,2026-09-09 08:35:00,24.795812,66.893109,3.0
G0000551,T0036085,V016,2026-07-05 17:39:00,24.888633,67.099547,38.1
G0000552,T0175410,V022,2026-05-12 10:10:00,24.9222,67.12523,20.2
G0000553,T0149767,V094,2025-10-22 07:24:00,24.890816,67.017281,27.0
G0000554,T0055669,V232,2026-01-06 17:35:00,24.803592,67.023098,30.8
G0000555,T0045653,V162,2026-01-30 21:42:00,24.807271,66.950886,42.1
G0000556,T0394823,V227,2026-04-02 08:32:00,24.854288,67.09254,33.7
G0000557,T0239266,V217,2025-12-17 06:34:00,24.881349,66.971499,38.6
G0000558,T0275721,V177,2025-11-07 06:07:00,24.930962,67.108605,24.8
G0000559,T0244691,V031,2025-10-23 02:00:00,24.791044,67.094469,31.2
G0000560,T0493695,V154,2025-10-03 06:50:00,24.832679,67.113885,20.2
G0000561,T0348050,V204,2026-03-18 13:58:00,24.925657,67.119731,2.8
G0000562,T0420340,V052,2026-02-24 12:25:00,24.903306,66.928274,22.5
G0000563,T0208166,V164,2025-12-16 20:20:00,24.799275,67.079612,28.1
G0000564,T0307736,V248,2026-04-22 12:24:00,24.810887,67.083772,20.3
G0000565,T0347691,V226,2026-02-24 09:24:00,24.87312,67.098928,30.6
G0000566,T0466912,V146,2025-10-02 17:57:00,24.883131,67.074574,22.1
G0000567,T0323993,V113,2026-01-05 09:19:00,24.775754,66.985441,6.3
G0000568,T0084663,V214,2026-08-15 09:29:00,24.890588,67.135191,29.1
G0000569,T0178222,V028,2026-04-16 18:49:00,24.766501,66.877178,15.4
G0000570,T0474388,V083,2026-04-14 11:24:00,24.847752,67.073922,27.8
G0000571,T0282889,V144,2026-05-01 08:05:00,24.917037,67.101872,12.8
G0000572,T0238264,V122,2025-10-07 18:44:00,24.7951,67.066363,49.7
G0000573,T0259702,V030,2026-07-01 17:51:00,24.877924,67.05903,24.0
G0000574,T0230290,V174,2025-11-08 09:00:00,24.843258,66.816004,19.8
G0000575,T0156945,V067,2026-09-19 10:01:00,24.756893,67.075135,14.8
G0000576,T0495939,V134,2026-02-15 11:31:00,24.80676,66.981562,27.9
G0000577,T0098345,V156,2026-03-27 19:24:00,24.905084,67.082848,20.6
G0000578,T0455592,V120,2026-09-03 18:43:00,24.809057,67.025285,22.7
G0000579,T0142931,V220,2026-04-01 14:34:00,24.90846,67.083872,13.8
G0000580,T0094549,V184,2026-05-12 09:12:00,24.931352,67.005821,25.4
G0000581,T0277054,V048,2026-02-09 17:31:00,24.861595,67.070933,33.0
G0000582,T0012270,V241,2026-06-24 21:29:00,24.749304,67.026576,28.6
G0000583,T0420909,V128,2026-03-24 17:19:00,24.927438,67.026504,26.6
G0000584,T0118512,V026,2026-08-19 22:33:00,24.888934,66.963329,19.5
G0000585,T0040380,V076,2026-02-16 15:11:00,24.768953,67.0665,41.6
G0000586,T0320024,V224,2026-09-21 08:12:00,24.858669,67.029934,22.3
G0000587,T0344896,V226,2026-08-17 19:46:00,24.894063,67.08747,16.9
G0000588,T0001876,V243,2025-12-12 17:11:00,24.761593,67.200259,13.9
G0000589,T0372782,V078,2026-04-24 11:14:00,24.839557,66.896934,32.2
G0000590,T0151295,V030,2026-03-25 19:33:00,24.874257,67.032867,24.6
G0000591,T0262993,V192,2026-08-26 19:31:00,24.873883,67.064457,30.6
G0000592,T0084412,V225,2026-08-08 17:51:00,24.781436,67.069819,28.0
G0000593,T0162803,V227,2026-02-25 18:40:00,24.828753,66.992154,33.4
G0000594,T0183996,V145,2026-02-03 16:58:00,24.81276,67.057488,21.3
G0000595,T0020970,V009,2025-11-13 18:27:00,24.8949,67.020407,19.2
G0000596,T0052415,V229,2026-02-09 17:16:00,24.83649,66.98549,13.8
G0000597,T0221421,V112,2026-03-23 13:33:00,24.820237,66.944779,13.3
G0000598,T0355320,V142,2026-04-14 18:30:00,24.86548,67.094605,31.3
G0000599,T0136756,V184,2025-10-17 18:35:00,24.813391,67.084002,33.5
G0000600,T0271064,V203,2026-07-21 16:31:00,24.941985,67.069713,30.4
G0000601,T0168852,V217,2026-08-05 13:03:00,24.818247,67.020697,13.3
G0000602,T0379994,V230,2026-04-19 16:06:00,24.86634,67.125355,24.9
G0000603,T0432852,V174,2026-02-26 11:23:00,24.841521,67.050462,19.2
G0000604,T0035150,V198,2026-05-15 19:56:00,24.821813,67.042692,29.6
G0000605,T0396691,V068,2026-08-20 13:55:00,24.799349,66.99163,45.3
G0000606,T0230569,V104,2026-01-06 11:21:00,24.89726,67.043493,36.4
G0000607,T0437834,V126,2025-12-15 06:15:00,24.88004,66.998771,29.8
G0000608,T0310315,V066,2026-06-16 17:22:00,24.894663,66.962203,35.7
G0000609,T0505855,V228,2026-07-20 09:40:00,24.901722,67.018994,15.0
G0000610,T0173430,V037,2026-09-01 14:43:00,24.829558,67.00119,15.5
G0000611,T0307169,V141,2026-04-10 16:55:00,24.84805,67.092673,33.2
G0000612,T0382593,V110,2026-08-08 11:09:00,24.841613,67.071726,24.9
G0000613,T0131167,V053,2025-11-27 17:01:00,24.81491,67.054872,20.5
G0000614,T0442923,V163,2026-03-17 18:10:00,24.848236,67.077798,23.2
G0000615,T0414067,V103,2026-02-17 16:27:00,24.830936,66.99552,41.4
G0000616,T0140682,V144,2026-01-30 19:24:00,24.795805,67.137771,22.1
G0000617,T0161796,V147,2026-02-02 16:01:00,24.840939,67.179476,22.3
G0000618,T0287330,V234,2026-02-18 09:45:00,24.893385,67.12241,11.6
G0000619,T0054023,V226,2026-07-25 17:55:00,24.817959,67.155224,25.2
G0000620,T0007979,V049,2026-03-05 05:11:00,24.816183,67.133239,29.7
G0000621,T0012949,V151,2026-08-28 10:05:00,24.858798,67.172029,18.0
G0000622,T0248700,V184,2025-12-30 06:47:00,24.884499,67.09578,28.7
G0000623,T0273841,V148,2026-09-22 07:17:00,24.86914,67.105446,14.7
G0000624,T0179966,V079,2025-11-19 17:31:00,24.792504,66.966299,29.4
G0000625,T0308286,V092,2026-05-04 09:51:00,24.824574,66.932767,29.7
G0000626,T0170408,V231,2026-09-11 17:58:00,24.9294,67.101013,20.0
G0000627,T0353934,V165,2026-02-13 14:49:00,24.86986,67.156407,18.9
G0000628,T0059109,V120,2025-12-03 16:35:00,24.904522,67.019471,39.5
G0000629,T0120549,V072,2025-10-03 06:35:00,24.868146,67.057332,30.8
G0000630,T0041178,V043,2026-04-03 08:50:00,24.824061,67.042181,36.0
G0000631,T0259052,V133,2026-06-20 16:33:00,24.830474,66.88767,24.1
G0000632,T0484231,V013,2026-07-06 18:57:00,24.912162,67.067998,25.9
G0000633,T0164876,V130,2026-04-21 09:29:00,24.922087,67.18107,28.8
G0000634,T0060318,V208,2026-03-21 11:05:00,24.897863,67.074825,24.1
G0000635,T0381422,V199,2026-06-19 16:35:00,24.836526,67.060175,32.9
G0000636,T0401076,V131,2026-02-12 18:10:00,24.868459,67.109034,21.6
G0000637,T0316537,V066,2025-11-29 12:22:00,24.805288,67.132596,37.6
G0000638,T0285237,V126,2025-10-30 08:09:00,24.855212,67.12033,21.0
G0000639,T0506790,V076,2025-11-17 15:57:00,24.917395,67.111199,23.0
G0000640,T0225244,V113,2025-11-15 17:09:00,24.880915,67.121862,21.9
G0000641,T0386559,V055,2026-01-27 17:56:00,24.847658,67.050871,21.6
G0000642,T0467697,V018,2025-10-25 13:44:00,24.969512,66.985961,3.4
G0000643,T0137903,V112,2025-11-20 15:12:00,24.943423,66.991884,23.9
G0000644,T0222780,V111,2026-06-09 20:04:00,24.846162,67.155435,31.0
G0000645,T0189046,V210,2025-11-30 08:17:00,24.90535,67.026864,4.9
G0000646,T0099345,V072,2025-12-08 16:26:00,24.852003,66.956549,25.2
G0000647,T0403998,V060,2026-05-28 10:37:00,24.867746,67.00961,22.1
G0000648,T0356237,V094,2026-05-27 18:52:00,24.818932,67.110753,31.6
G0000649,T0062713,V050,2025-11-12 17:58:00,24.819159,67.061901,17.9
G0000650,T0416864,V080,2026-08-09 18:07:00,24.803983,67.058665,21.2
G0000651,T0242775,V067,2026-08-17 11:26:00,24.905001,66.962172,15.7
G0000652,T0363570,V235,2026-08-01 23:55:00,24.80371,67.07849,19.3
G0000653,T0248340,V172,2025-12-23 17:53:00,24.81104,67.033084,32.3
G0000654,T0084147,V175,2026-08-02 16:36:00,24.910329,67.062788,23.4
G0000655,T0432155,V030,2025-12-11 14:12:00,24.909977,67.003155,43.0
G0000656,T0372768,V070,2026-04-24 17:15:00,24.847356,67.101342,20.5
G0000657,T0134086,V165,2026-05-24 13:56:00,24.821556,67.05161,17.6
G0000658,T0414048,V115,2026-02-16 09:46:00,24.909426,66.887229,27.2
G0000659,T0228066,V116,2026-09-23 21:50:00,24.854254,67.08942,10.8
G0000660,T0478954,V153,2026-08-16 07:29:00,24.81962,67.190882,23.4
G0000661,T0420949,V140,2026-03-26 08:55:00,24.946297,67.026483,36.0
G0000662,T0002334,V214,2026-01-07 20:39:00,24.800057,67.005022,16.7
G0000663,T0203008,V088,2025-12-24 08:23:00,24.783493,67.052869,21.2
G0000664,T0063841,V113,2026-04-03 07:36:00,24.838135,67.067722,29.9
G0000665,T0201800,V112,2026-09-19 09:40:00,24.8118,67.081636,18.0
G0000666,T0462830,V126,2026-09-28 15:42:00,24.859613,67.098411,26.1
G0000667,T0170940,V162,2026-09-23 23:55:00,24.852634,66.963895,28.1
G0000668,T0249532,V225,2026-01-12 15:26:00,24.808027,67.156547,36.4
G0000669,T0499881,V024,2025-10-17 04:10:00,24.844758,66.918498,31.8
G0000670,T0096854,V035,2026-08-26 19:03:00,24.862715,67.001278,34.9
G0000671,T0465257,V220,2026-05-13 16:24:00,24.914735,67.153399,36.0
G0000672,T0306746,V078,2026-04-02 06:57:00,24.891664,67.169126,25.1
G0000673,T0203781,V016,2026-03-13 05:31:00,24.802243,67.010865,24.9
G0000674,T0153316,V193,2025-12-04 10:38:00,24.79556,67.038568,17.3
G0000675,T0305152,V243,2026-03-01 21:26:00,24.855579,67.061578,25.7
G0000676,T0135441,V037,2026-08-19 07:38:00,24.861455,66.976864,19.5
G0000677,T0480579,V127,2026-09-23 19:17:00,24.8536,67.100106,20.1
G0000678,T0099308,V050,2025-11-30 17:29:00,24.949823,67.084866,38.2
G0000679,T0444939,V020,2026-01-10 12:55:00,24.810107,67.133304,25.7
G0000680,T0376455,V061,2025-12-01 11:54:00,24.781919,66.950497,32.0
G0000681,T0103095,V168,2026-04-19 10:45:00,24.84817,67.090742,35.6
G0000682,T0457718,V239,2025-12-29 06:13:00,24.876779,66.958754,0.0
G0000683,T0451567,V238,2026-01-17 05:57:00,24.738675,67.061004,33.6
G0000684,T0452547,V183,2026-03-14 08:17:00,24.897972,67.046432,29.3
G0000685,T0363888,V052,2026-08-23 17:07:00,24.859984,67.092137,41.1
G0000686,T0038325,V183,2025-10-22 16:18:00,24.858711,67.091325,35.8
G0000687,T0003497,V068,2026-03-09 16:58:00,24.830691,67.078335,28.5
G0000688,T0224405,V239,2026-09-05 12:40:00,24.855108,67.035517,43.5
G0000689,T0092207,V024,2026-02-01 18:27:00,24.812917,67.043949,25.6
G0000690,T0432529,V053,2026-01-23 09:23:00,24.897892,66.953756,20.9
G0000691,T0374892,V161,2026-09-20 18:21:00,24.919145,66.956049,37.2
G0000692,T0074587,V081,2025-11-27 09:35:00,24.877201,67.114161,15.6
G0000693,T0389922,V199,2026-06-24 16:17:00,24.842626,67.171356,20.8
G0000694,T0361994,V145,2026-04-18 18:27:00,24.877676,67.04548,23.4
G0000695,T0112153,V213,2026-03-20 16:38:00,24.845735,66.998219,12.1
G0000696,T0401282,V176,2026-02-19 15:15:00,24.867009,67.022769,16.1
G0000697,T0192356,V062,2026-02-10 07:39:00,24.885399,67.114194,42.0
G0000698,T0137800,V139,2025-11-17 08:08:00,24.941695,66.999147,21.2
G0000699,T0330104,V133,2026-05-25 15:57:00,24.798929,67.028522,22.6
G0000700,T0242435,V202,2026-07-23 16:47:00,24.848103,67.059918,21.1
G0000701,T0254734,V117,2026-04-06 05:26:00,24.838786,67.002396,35.4
G0000702,T0154284,V232,2026-07-15 22:34:00,24.857648,67.085203,42.8
G0000703,T0233679,V024,2026-01-24 13:12:00,24.940569,67.067273,17.3
G0000704,T0120808,V173,2025-10-17 18:11:00,24.859676,67.064122,13.2
G0000705,T0384433,V213,2025-10-23 17:27:00,24.868739,67.038406,38.1
G0000706,T0324995,V097,2026-01-26 17:26:00,24.855412,67.053216,46.2
G0000707,T0256949,V210,2026-05-14 17:43:00,24.809352,67.064297,21.4
G0000708,T0171184,V049,2025-10-04 15:39:00,24.788497,67.054971,35.2
G0000709,T0356537,V213,2026-06-10 07:55:00,24.82397,67.060872,16.7
G0000710,T0026176,V193,2026-05-20 18:12:00,24.829009,67.018116,26.3
G0000711,T0280159,V087,2026-09-18 12:48:00,24.828768,67.046756,12.1
G0000712,T0278310,V103,2026-05-11 05:34:00,24.902462,67.009384,22.7
G0000713,T0232963,V114,2025-12-15 09:28:00,24.7762,67.054505,13.2
G0000714,T0466250,V069,2026-08-13 20:26:00,24.894871,67.107534,22.5
G0000715,T0417526,V150,2026-09-16 12:55:00,24.855331,67.101505,39.0
G0000716,T0439211,V203,2026-03-22 07:01:00,24.835263,66.939062,18.6
G0000717,T0356012,V147,2026-05-16 14:32:00,24.857535,67.135295,25.4
G0000718,T0008560,V201,2026-07-07 08:08:00,24.904208,67.06578,42.0
G0000719,T0214930,V154,2026-06-29 15:55:00,24.828217,67.082362,8.9
G0000720,T0390207,V062,2026-07-08 09:33:00,24.981541,67.051981,30.7
G0000721,T0128188,V178,2026-09-16 08:31:00,24.888958,66.954339,35.7
G0000722,T0116978,V095,2026-07-16 13:55:00,24.820867,67.02867,26.6
G0000723,T0279936,V220,2026-09-05 19:23:00,24.832558,67.009184,12.3
G0000724,T0335259,V003,2026-09-22 11:21:00,24.891666,67.079933,31.7
G0000725,T0351316,V096,2025-10-20 13:49:00,24.749517,67.081083,31.9
G0000726,T0066838,V093,2026-01-28 16:39:00,24.967747,67.013415,34.3
G0000727,T0407827,V230,2025-11-04 06:28:00,24.894192,66.977033,11.0
G0000728,T0440155,V200,2026-06-02 07:05:00,24.903205,67.089519,14.2
G0000729,T0381954,V140,2026-07-13 05:06:00,24.738965,66.962626,30.2
G0000730,T0338036,V022,2026-04-17 19:21:00,24.87568,67.084966,18.8
G0000731,T0022398,V229,2026-04-01 07:16:00,24.821309,67.112,44.8
G0000732,T0215164,V224,2026-07-06 16:04:00,24.811787,66.988165,11.0
G0000733,T0029016,V139,2026-04-12 19:01:00,24.808698,67.094304,33.5
G0000734,T0416392,V195,2026-07-11 16:24:00,24.827399,67.122137,29.1
G0000735,T0152822,V247,2026-09-09 12:47:00,24.853533,67.096909,23.3
G0000736,T0000940,V154,2025-10-20 18:36:00,24.886795,67.132553,26.2
G0000737,T0114083,V034,2026-05-06 06:51:00,24.842188,67.104333,28.8
G0000738,T0258531,V223,2026-06-11 08:11:00,24.878636,66.915543,33.2
G0000739,T0333566,V073,2026-08-16 17:29:00,24.809969,67.02744,19.4
G0000740,T0377408,V063,2026-01-07 17:13:00,24.909018,67.01946,27.9
G0000741,T0201230,V095,2026-09-08 13:42:00,24.973849,66.996666,26.0
G0000742,T0458948,V139,2026-03-02 18:06:00,24.795423,67.065151,49.5
G0000743,T0435993,V107,2026-05-12 17:33:00,24.87615,66.996557,19.3
G0000744,T0385306,V084,2025-12-02 17:17:00,24.810718,67.079059,28.6
G0000745,T0038211,V241,2025-10-14 12:42:00,24.834094,67.024753,27.1
G0000746,T0450822,V190,2025-12-09 09:05:00,24.913472,67.001764,27.2
G0000747,T0186915,V047,2025-10-08 05:55:00,24.855091,67.074805,40.8
G0000748,T0274973,V111,2026-07-20 10:26:00,24.854313,67.023125,28.6
G0000749,T0175616,V218,2026-06-08 08:03:00,24.778478,67.158158,17.0
G0000750,T0050753,V115,2026-08-05 06:05:00,24.848707,67.032274,28.9
G0000751,T0446186,V146,2026-07-01 19:00:00,24.861802,67.071961,23.0
G0000752,T0410327,V241,2026-05-28 18:53:00,24.86359,67.120878,23.2
G0000753,T0082566,V104,2026-06-22 08:17:00,24.848793,66.976422,25.7
G0000754,T0449608,V093,2026-09-19 14:38:00,24.877762,67.064802,18.2
G0000755,T0185064,V197,2026-05-13 20:29:00,24.910477,66.991944,16.9
G0000756,T0155789,V239,2026-03-24 08:39:00,24.8885,67.072755,20.4
G0000757,T0227278,V015,2026-07-01 18:03:00,24.895905,67.092331,20.5
G0000758,T0191879,V093,2026-01-31 21:00:00,24.799363,67.139235,9.4
G0000759,T0006671,V077,2026-09-04 06:16:00,24.821836,67.104679,27.7
G0000760,T0295322,V080,2026-05-28 21:48:00,24.773975,66.982987,25.9
G0000761,T0290254,V152,2026-07-30 18:32:00,24.847169,67.061453,27.1
G0000762,T0434518,V090,2026-09-17 09:03:00,24.898155,66.944612,26.5
G0000763,T0043911,V100,2026-09-15 12:40:00,24.758411,66.930756,36.0
G0000764,T0435535,V018,2026-02-23 09:48:00,24.931457,67.086557,29.6
G0000765,T0083189,V077,2026-07-07 21:46:00,24.808149,67.203337,11.9
G0000766,T0126415,V173,2026-07-01 19:38:00,24.82732,66.987914,29.2
G0000767,T0009814,V230,2025-10-22 08:57:00,24.858583,66.949565,32.6
G0000768,T0128569,V159,2025-10-15 07:07:00,24.825927,67.137538,36.8
G0000769,T0060825,V131,2026-05-06 14:03:00,24.738817,67.046497,30.1
G0000770,T0310281,V100,2026-06-15 20:21:00,24.85205,66.997151,13.2
G0000771,T0248054,V166,2025-12-18 07:27:00,24.878123,67.048219,23.8
G0000772,T0326995,V001,2026-03-12 21:01:00,24.825899,67.159502,32.2
G0000773,T0507030,V108,2025-12-10 11:14:00,24.856357,67.042666,32.8
G0000774,T0056431,V216,2026-03-15 10:03:00,24.798545,67.029445,22.9
G0000775,T0471420,V088,2026-01-29 17:29:00,24.936678,66.959186,24.6
G0000776,T0508494,V230,2026-05-03 20:32:00,24.878853,66.96777,15.2
G0000777,T0418993,V022,2025-12-15 18:52:00,24.897742,67.031384,21.7
G0000778,T0396372,V154,2026-07-28 11:56:00,24.811816,67.072036,28.3
G0000779,T0090910,V187,2025-12-09 15:08:00,24.920053,67.053531,39.4
G0000780,T0202921,V171,2025-12-15 14:43:00,24.82895,67.089363,13.5
G0000781,T0295345,V089,2026-05-29 15:54:00,24.911227,67.115589,29.1
G0000782,T0006507,V078,2026-08-26 11:30:00,24.806497,66.987595,17.0
G0000783,T0220448,V060,2026-02-02 04:33:00,24.788543,67.131979,25.4
G0000784,T0477865,V155,2026-07-17 15:42:00,24.864186,67.084025,28.5
G0000785,T0212401,V106,2026-04-15 09:47:00,24.856955,67.217159,38.6
G0000786,T0306646,V052,2026-04-01 14:12:00,24.907021,67.058197,26.4
G0000787,T0192178,V032,2026-02-06 09:34:00,24.875033,67.046311,15.3
G0000788,T0269524,V060,2026-09-05 15:06:00,24.812597,67.059185,28.2
G0000789,T0189892,V114,2025-12-18 07:34:00,24.834573,67.013033,35.5
G0000790,T0268768,V133,2026-07-09 11:40:00,24.857233,67.114986,31.6
G0000791,T0449302,V014,2026-08-15 13:02:00,24.814083,67.038257,35.3
G0000792,T0044622,V090,2025-11-11 14:33:00,24.840523,67.070558,34.7
G0000793,T0066627,V022,2026-01-13 19:15:00,24.859401,66.951803,13.4
G0000794,T0079818,V080,2026-04-08 17:51:00,24.918674,67.093294,20.7
G0000795,T0503692,V050,2026-09-11 10:10:00,24.880796,67.09908,4.0
G0000796,T0054850,V029,2025-10-14 15:20:00,24.818589,67.060514,40.6
G0000797,T0175242,V020,2026-04-22 16:39:00,24.903174,67.255419,29.3
G0000798,T0294450,V082,2026-04-01 11:44:00,24.853187,67.09678,21.4
G0000799,T0258058,V057,2026-06-03 08:27:00,24.908829,67.146527,27.0
G0000800,T0384973,V181,2025-11-17 18:23:00,24.878389,67.029685,21.7
G0000801,T0501655,V142,2026-03-16 15:04:00,24.831902,67.009524,16.7
G0000802,T0005012,V110,2026-06-01 14:00:00,24.881756,67.175302,35.2
G0000803,T0194013,V090,2026-03-20 17:31:00,24.818692,67.080354,37.0
G0000804,T0185129,V058,2026-05-19 17:48:00,24.830819,67.089392,38.2
G0000805,T0366906,V047,2026-06-09 09:14:00,24.884501,66.991194,10.9
G0000806,T0377787,V018,2026-01-21 13:15:00,24.826556,67.161717,21.1
G0000807,T0030183,V225,2026-08-28 08:27:00,24.790986,67.013689,28.2
G0000808,T0416619,V192,2026-07-24 09:30:00,24.848081,67.116634,22.1
G0000809,T0182395,V207,2026-09-07 17:13:00,24.816842,67.207905,25.5
G0000810,T0501958,V132,2026-04-10 15:53:00,24.889079,67.003625,31.5
G0000811,T0032932,V177,2026-01-29 05:10:00,24.811203,66.97676,25.8
G0000812,T0337850,V034,2026-04-03 18:13:00,24.821322,67.003117,34.4
G0000813,T0381346,V166,2026-06-16 05:57:00,24.904152,67.0472,40.6
G0000814,T0027742,V218,2025-11-19 18:38:00,24.789568,67.03191,35.0
G0000815,T0382721,V043,2026-08-13 16:00:00,24.797535,66.98823,21.3
G0000816,T0299001,V043,2025-11-05 05:13:00,24.807548,67.035603,14.1
G0000817,T0505411,V171,2026-05-09 10:16:00,24.877067,67.080392,20.6
G0000818,T0452316,V233,2026-03-02 21:27:00,24.880833,67.180252,26.0
G0000819,T0268615,V044,2026-06-27 11:03:00,24.871086,67.11305,15.7
G0000820,T0014192,V065,2025-12-25 08:38:00,24.830289,67.019025,22.7
G0000821,T0014227,V091,2025-12-28 08:35:00,24.817212,67.05288,11.5
G0000822,T0170838,V178,2026-09-21 17:38:00,24.988077,66.99766,29.0
G0000823,T0198300,V230,2026-07-02 12:28:00,24.820632,67.034554,28.7
G0000824,T0348806,V190,2026-05-09 13:31:00,24.861595,67.11318,33.0
G0000825,T0308872,V098,2026-05-17 13:44:00,24.898252,67.036366,38.0
G0000826,T0195914,V239,2026-05-05 16:56:00,24.868382,67.129531,24.0
G0000827,T0048829,V065,2025-10-04 17:52:00,24.846488,67.043347,39.5
G0000828,T0163876,V075,2026-03-25 07:50:00,24.863888,66.99402,18.8
G0000829,T0369494,V114,2026-07-09 19:40:00,24.898044,67.054454,15.3
G0000830,T0046804,V022,2026-04-25 11:12:00,24.791424,66.982804,30.6
G0000831,T0423393,V163,2026-08-13 18:32:00,24.856767,67.020006,43.7
G0000832,T0125959,V191,2026-06-09 22:14:00,24.837479,67.099341,26.8
G0000833,T0229170,V031,2026-04-17 14:52:00,24.931493,67.072703,38.6
G0000834,T0415187,V073,2026-04-23 17:10:00,24.849032,66.991753,29.5
G0000835,T0452177,V188,2026-02-22 23:50:00,24.919999,67.055198,11.5
G0000836,T0402885,V184,2026-04-18 08:37:00,24.858925,67.112301,29.8
G0000837,T0074441,V225,2025-11-24 08:25:00,24.819155,66.980885,28.2
G0000838,T0462150,V003,2026-08-26 13:01:00,24.877247,67.030653,30.7
G0000839,T0143009,V053,2026-04-03 17:02:00,24.86462,67.029375,17.2
G0000840,T0140238,V047,2026-01-19 05:11:00,24.863387,67.03754,32.9
G0000841,T0087498,V074,2026-04-08 10:15:00,24.814425,66.941553,25.4
G0000842,T0323854,V065,2026-01-01 16:48:00,25.010507,67.139856,26.0
G0000843,T0048217,V086,2026-08-19 16:41:00,24.864795,67.118496,27.7
G0000844,T0003845,V037,2026-03-27 13:43:00,24.874411,67.002849,32.5
G0000845,T0371741,V192,2026-02-10 13:21:00,24.833108,67.068353,22.8
G0000846,T0101131,V015,2025-10-18 22:09:00,24.894807,67.096157,30.5
G0000847,T0326118,V007,2026-02-20 20:31:00,24.926976,67.008963,35.8
G0000848,T0448979,V101,2026-07-03 11:58:00,24.901099,66.974124,12.2
G0000849,T0346716,V167,2025-12-20 15:31:00,24.825076,66.928895,0.7
G0000850,T0097425,V094,2026-09-18 19:00:00,24.826753,66.919508,35.7
G0000851,T0440807,V240,2026-07-24 06:36:00,24.814746,66.987604,31.7
G0000852,T0429647,V085,2026-05-30 16:12:00,24.872384,67.032147,19.8
G0000853,T0094991,V177,2026-06-01 10:42:00,24.881836,67.050353,17.9
G0000854,T0196032,V150,2026-05-08 17:28:00,24.848989,67.181768,22.2
G0000855,T0339255,V249,2026-07-31 21:05:00,24.793903,67.047736,9.7
G0000856,T0193304,V189,2026-03-04 14:59:00,24.77804,67.150513,34.1
G0000857,T0354048,V050,2026-02-18 10:27:00,24.819371,66.92289,32.2
G0000858,T0144021,V136,2026-04-30 15:46:00,24.879749,67.034458,27.3
G0000859,T0226909,V081,2026-05-19 05:04:00,24.779356,66.995386,44.2
G0000860,T0428246,V221,2026-02-24 18:08:00,24.885117,67.006663,22.7
G0000861,T0160005,V230,2025-12-19 18:43:00,24.882368,67.019822,34.8
G0000862,T0150258,V246,2025-12-10 16:42:00,24.848694,67.078655,16.1
G0000863,T0467741,V032,2025-10-27 15:12:00,24.912048,67.157712,20.6
G0000864,T0173695,V154,2025-10-22 15:56:00,24.825723,67.059676,24.2
G0000865,T0330683,V239,2026-06-09 14:23:00,24.798568,67.017472,23.9
G0000866,T0185301,V025,2026-06-03 18:02:00,24.939324,67.05652,39.8
G0000867,T0163630,V065,2026-03-19 17:16:00,24.796864,67.097408,0.5
G0000868,T0392071,V014,2026-09-24 17:42:00,24.858761,67.034124,23.7
G0000869,T0407881,V081,2025-11-10 12:40:00,24.809672,67.026698,31.6
G0000870,T0093025,V093,2026-03-04 22:03:00,24.839424,67.198322,42.5
G0000871,T0497067,V242,2026-04-24 09:50:00,24.897985,66.983118,5.8
G0000872,T0343324,V176,2026-04-29 09:07:00,24.80692,66.972724,19.2
G0000873,T0116973,V180,2026-07-16 16:34:00,24.825175,66.977959,32.6
G0000874,T0223045,V049,2026-06-23 15:12:00,24.806015,66.965863,12.3
G0000875,T0173281,V085,2026-06-27 13:07:00,24.761937,66.999905,28.8
G0000876,T0169672,V045,2026-08-25 04:31:00,24.806258,67.150428,18.4
G0000877,T0177986,V045,2026-03-16 23:10:00,24.77936,66.960512,38.3
G0000878,T0272947,V065,2026-05-18 20:24:00,24.939785,67.009582,40.6
G0000879,T0148771,V211,2026-09-09 18:31:00,24.801963,67.102715,35.0
G0000880,T0260393,V236,2026-07-13 00:15:00,24.856057,66.984245,27.6
G0000881,T0128759,V038,2025-12-16 09:02:00,24.819135,66.982514,28.1
G0000882,T0105507,V111,2025-10-19 07:44:00,24.893978,67.051901,28.8
G0000883,T0006622,V085,2026-09-01 11:18:00,24.916925,66.958899,26.0
G0000884,T0184363,V118,2026-03-08 16:03:00,24.916601,66.994071,16.1
G0000885,T0431371,V130,2026-09-16 11:05:00,24.898352,67.048881,32.3
G0000886,T0073608,V051,2025-10-31 14:26:00,24.809195,66.964603,12.5
G0000887,T0006847,V241,2026-09-12 20:34:00,24.806762,66.979636,14.1
G0000888,T0041991,V106,2026-05-21 20:13:00,24.89364,67.037186,32.4
G0000889,T0314517,V125,2026-09-05 11:17:00,24.788015,66.964479,14.6
G0000890,T0067022,V246,2026-02-10 09:46:00,24.868579,67.014094,29.4
G0000891,T0301739,V193,2025-12-28 13:12:00,24.843135,67.089752,34.4
G0000892,T0456676,V050,2025-11-03 14:06:00,24.781963,67.103561,36.3
G0000893,T0296996,V085,2026-09-10 17:30:00,24.889702,66.958127,37.6
G0000894,T0490691,V208,2025-12-15 12:57:00,24.929002,67.061664,35.5
G0000895,T0369748,V212,2026-08-25 02:33:00,24.793911,67.014154,32.9
G0000896,T0382081,V004,2026-07-18 15:29:00,24.856781,67.087034,0.0
G0000897,T0278098,V168,2026-04-25 01:24:00,24.866274,67.140101,28.1
G0000898,T0142395,V073,2026-03-16 19:35:00,24.784779,67.123219,37.4
G0000899,T0350124,V139,2026-08-11 10:59:00,24.824424,66.985401,18.4
G0000900,T0423405,V131,2026-08-14 16:19:00,24.875491,66.919411,29.8
G0000901,T0148546,V107,2026-09-04 18:30:00,24.898616,67.077344,18.6
G0000902,T0443243,V067,2026-05-08 08:59:00,24.876353,67.02201,37.0
G0000903,T0367870,V242,2026-09-15 13:28:00,24.787951,67.15689,25.4
G0000904,T0488285,V200,2026-05-07 06:38:00,24.860092,66.885152,35.8
G0000905,T0374678,V028,2026-09-07 08:51:00,24.9132,67.03684,26.7
G0000906,T0042447,V009,2026-06-20 12:32:00,24.848119,67.085738,27.1
G0000907,T0183395,V216,2025-12-13 18:11:00,24.740168,67.050327,19.6
G0000908,T0217441,V109,2026-09-11 18:17:00,24.873777,67.125389,31.5
G0000909,T0183710,V004,2026-01-10 10:23:00,24.835739,67.06486,24.1
G0000910,T0125287,V054,2026-05-08 09:34:00,24.897855,66.993289,52.2
G0000911,T0014051,V113,2025-12-11 16:21:00,24.816247,67.102043,16.4
G0000912,T0499983,V202,2025-10-26 12:50:00,24.849464,66.990759,21.3
G0000913,T0304382,V229,2026-02-14 11:51:00,24.84022,67.056689,17.5
G0000914,T0022782,V241,2026-05-11 19:17:00,24.984544,67.088983,17.6
G0000915,T0465685,V002,2026-06-24 08:52:00,24.878914,66.975631,34.1
G0000916,T0466829,V046,2026-09-27 20:57:00,24.903201,67.054816,13.7
G0000917,T0059732,V053,2026-01-29 16:38:00,24.819809,67.069132,49.3
G0000918,T0446422,V031,2026-08-04 07:57:00,24.797744,66.983366,29.3
G0000919,T0448818,V004,2026-06-11 12:01:00,24.872403,67.014216,18.9
G0000920,T0459189,V115,2026-03-14 14:46:00,24.888883,66.923922,26.6
G0000921,T0250789,V087,2026-01-31 17:21:00,24.893091,67.017554,34.1
G0000922,T0430853,V093,2026-08-18 08:12:00,24.793419,67.013374,12.3
G0000923,T0369429,V245,2026-06-26 14:57:00,24.847581,67.028599,28.5
G0000924,T0176563,V193,2026-09-19 18:13:00,24.779947,66.994721,25.2
G0000925,T0424899,V101,2026-02-11 08:05:00,24.940778,67.002188,32.1
G0000926,T0464497,V175,2026-03-02 05:56:00,24.832887,67.083768,29.5
G0000927,T0236304,V011,2026-06-22 08:44:00,24.888415,67.060168,35.0
G0000928,T0077883,V165,2026-02-17 21:24:00,24.819699,67.032027,29.9
G0000929,T0428108,V145,2026-02-17 16:12:00,24.888796,66.990559,16.5
G0000930,T0186430,V021,2026-09-10 17:02:00,24.915866,67.090922,22.5
G0000931,T0423730,V246,2026-09-01 14:52:00,24.911572,66.985992,49.6
G0000932,T0303538,V188,2026-01-30 16:34:00,24.936697,67.172251,15.8
G0000933,T0160446,V004,2025-12-31 08:20:00,24.837583,66.983689,9.3
G0000934,T0084706,V045,2026-08-17 06:17:00,24.867575,67.0566,41.6
G0000935,T0504349,V240,2025-12-07 11:11:00,24.945093,67.10724,22.5
G0000936,T0184934,V021,2026-04-30 09:54:00,24.87646,67.116714,22.9
G0000937,T0018394,V018,2026-02-06 11:53:00,24.946669,67.057652,14.6
G0000938,T0263092,V119,2026-08-28 18:49:00,24.805146,66.978785,28.4
G0000939,T0270631,V068,2026-04-03 09:32:00,24.800784,67.112424,32.3
G0000940,T0318117,V102,2026-04-09 07:45:00,24.870597,66.953624,35.8
G0000941,T0301834,V110,2025-12-30 15:42:00,24.820126,67.02795,24.6
G0000942,T0175696,V062,2026-06-17 10:20:00,24.811879,67.095356,40.3
G0000943,T0508536,V079,2026-05-07 08:38:00,24.833609,67.064797,14.8
G0000944,T0091942,V113,2026-01-22 07:53:00,24.787702,67.068831,17.5
G0000945,T0465733,V116,2026-06-27 10:54:00,24.864855,67.082007,19.2
G0000946,T0407209,V215,2026-09-21 22:35:00,24.871433,66.994939,17.2
G0000947,T0118766,V245,2026-08-25 09:59:00,24.833154,67.014139,34.9
G0000948,T0224607,V191,2026-09-16 06:58:00,24.751027,66.881699,11.3
G0000949,T0251638,V215,2026-02-13 09:38:00,24.819677,67.159169,23.1
G0000950,T0277326,V212,2026-02-27 06:37:00,24.849725,67.105128,19.1
G0000951,T0200657,V088,2026-08-28 06:40:00,24.827598,67.120861,24.7
G0000952,T0246727,V178,2025-11-27 20:37:00,24.794156,67.066594,20.1
G0000953,T0097137,V091,2026-09-07 09:33:00,24.859295,67.063965,31.8
G0000954,T0468733,V063,2025-11-21 17:08:00,24.867879,67.041395,29.2
G0000955,T0206158,V095,2025-10-17 17:46:00,24.898763,67.131514,23.2
G0000956,T0380059,V085,2026-04-21 09:12:00,24.88657,67.027283,15.8
G0000957,T0462994,V167,2025-10-17 06:09:00,24.781713,67.033545,28.8
G0000958,T0273907,V095,2025-10-03 07:33:00,24.900371,66.980191,33.5
G0000959,T0073984,V142,2025-11-12 07:41:00,24.8926,67.002716,6.1
G0000960,T0020775,V098,2025-10-23 07:53:00,24.89916,67.078694,22.7
G0000961,T0011754,V160,2026-05-04 07:27:00,24.920748,66.988734,31.8
G0000962,T0138566,V016,2025-12-07 11:09:00,24.827261,66.997086,29.7
G0000963,T0147233,V029,2026-07-31 07:15:00,24.891754,67.028739,27.9
G0000964,T0127477,V218,2026-08-18 08:03:00,24.757823,66.9566,18.7
G0000965,T0424855,V107,2026-02-03 16:56:00,24.880935,67.124588,35.5
G0000966,T0218852,V158,2025-11-10 16:17:00,24.783696,67.095307,25.4
G0000967,T0367062,V003,2026-06-25 18:54:00,24.883603,67.124079,29.3
G0000968,T0183471,V227,2025-12-20 21:38:00,24.892501,67.131805,22.0
G0000969,T0478413,V067,2026-07-31 16:57:00,24.835506,66.967497,21.1
G0000970,T0181406,V155,2026-05-13 13:42:00,24.851432,67.100287,32.8
G0000971,T0371831,V115,2026-02-16 16:08:00,24.813395,66.952577,17.0
G0000972,T0063650,V073,2026-03-06 16:27:00,24.839592,66.970017,22.6
G0000973,T0471933,V108,2026-02-10 11:18:00,24.752673,67.142688,16.5
G0000974,T0104593,V179,2026-09-08 08:33:00,24.886161,67.084946,15.4
G0000975,T0053794,V120,2026-07-01 18:45:00,24.865874,67.095138,29.1
G0000976,T0208083,V221,2025-12-14 13:33:00,24.871777,67.030549,18.2
G0000977,T0217551,V072,2026-09-14 07:19:00,24.829432,66.954157,19.2
G0000978,T0418580,V240,2025-11-21 13:16:00,24.936848,66.989386,22.1
G0000979,T0136220,V245,2025-10-01 14:31:00,24.80373,67.111759,31.5
G0000980,T0243643,V066,2025-10-04 20:24:00,24.836351,66.954669,25.0
G0000981,T0499369,V246,2026-09-10 00:15:00,24.9237,67.059637,26.2
G0000982,T0455428,V100,2026-08-26 08:53:00,24.871805,67.02224,22.7
G0000983,T0073837,V249,2025-11-08 05:44:00,24.788139,67.079866,21.9
G0000984,T0230175,V117,2025-10-13 09:26:00,24.816247,67.14148,39.0
G0000985,T0043154,V085,2026-08-03 15:33:00,24.807133,67.020354,24.7
G0000986,T0337427,V060,2026-02-26 14:49:00,24.894618,66.951699,18.1
G0000987,T0421070,V084,2026-04-02 18:32:00,24.861186,67.008635,27.2
G0000988,T0053019,V085,2026-04-13 21:30:00,24.861319,67.157571,42.6
G0000989,T0019703,V239,2026-06-30 19:57:00,24.901838,67.048725,28.2
G0000990,T0212794,V004,2026-04-27 19:46:00,24.859929,66.9739,21.8
G0000991,T0246905,V193,2025-12-01 19:06:00,24.837925,67.072059,19.8
G0000992,T0066717,V106,2026-01-19 23:12:00,24.786426,66.906989,27.1
G0000993,T0490094,V042,2026-09-16 13:57:00,24.817871,66.986599,9.2
G0000994,T0490108,V040,2026-09-17 12:38:00,24.920942,67.144302,13.0
G0000995,T0125870,V058,2026-06-04 17:52:00,24.889602,67.04286,0.8
G0000996,T0360689,V166,2026-01-21 08:05:00,24.874241,67.050376,24.3
G0000997,T0324126,V195,2026-01-07 13:22:00,24.871638,67.078363,34.6
G0000998,T0097744,V147,2025-10-16 18:48:00,24.821076,67.047303,38.1
G0000999,T0055812,V176,2026-01-16 10:06:00,24.916171,67.018513,13.7
G0001000,T0503060,V115,2026-07-22 12:55:00,24.865962,67.064821,35.5
