passenger_id,segment,home_zone,card_type,signup_date
P000001,occasional,North,stored_value,2022-07-20
P000002,weekend,West,stored_value,2023-05-23
P000003,daily_commuter,South,stored_value,2022-11-04
P000004,occasional,East,stored_value,2022-08-20
P000005,weekend,South,stored_value,2025-08-19
P000006,long_distance,North,monthly_pass,2022-09-02
P000007,occasional,South,monthly_pass,2025-05-17
P000008,peak_traveller,East,single,2022-05-19
P000009,daily_commuter,East,single,2023-09-02
P000010,weekend,East,stored_value,2023-10-08
P000011,occasional,West,monthly_pass,2022-05-05
P000012,daily_commuter,North,monthly_pass,2022-11-12
P000013,daily_commuter,West,stored_value,2024-06-21
P000014,daily_commuter,Airport,single,2023-11-02
P000015,daily_commuter,Central,monthly_pass,2022-04-22
P000016,occasional,Central,single,2024-09-01
P000017,peak_traveller,Airport,stored_value,2023-05-31
P000018,long_distance,South,single,2025-05-25
P000019,peak_traveller,East,monthly_pass,2022-10-28
P000020,peak_traveller,East,stored_value,2025-01-27
P000021,peak_traveller,East,monthly_pass,2022-04-09
P000022,daily_commuter,Central,stored_value,2022-12-15
P000023,daily_commuter,West,single,2024-04-27
P000024,daily_commuter,Central,monthly_pass,2024-06-08
P000025,occasional,East,stored_value,2024-01-19
P000026,daily_commuter,South,stored_value,2022-07-19
P000027,occasional,North,single,2025-06-17
P000028,occasional,East,stored_value,2025-08-11
P000029,occasional,West,stored_value,2025-05-03
P000030,occasional,East,single,2025-07-02
P000031,occasional,West,stored_value,2024-08-29
P000032,occasional,Central,monthly_pass,2023-01-18
P000033,daily_commuter,West,single,2023-01-02
P000034,weekend,South,stored_value,2022-02-23
P000035,daily_commuter,Airport,stored_value,2024-10-25
P000036,occasional,West,monthly_pass,2022-03-14
P000037,peak_traveller,Central,stored_value,2024-06-15
P000038,daily_commuter,South,stored_value,2025-04-11
P000039,peak_traveller,West,monthly_pass,2024-04-18
P000040,weekend,Central,stored_value,2025-09-14
P000041,daily_commuter,East,monthly_pass,2022-07-13
P000042,long_distance,Airport,monthly_pass,2022-04-14
P000043,daily_commuter,South,monthly_pass,2024-06-22
P000044,daily_commuter,West,monthly_pass,2023-10-03
P000045,long_distance,South,monthly_pass,2024-08-16
P000046,daily_commuter,Central,monthly_pass,2025-06-07
P000047,daily_commuter,Airport,stored_value,2022-09-13
P000048,occasional,West,stored_value,2025-01-04
P000049,daily_commuter,South,monthly_pass,2024-10-27
P000050,occasional,West,stored_value,2022-11-06
P000051,occasional,Airport,monthly_pass,2023-03-11
P000052,occasional,South,single,2025-06-22
P000053,daily_commuter,South,stored_value,2022-03-04
P000054,daily_commuter,Airport,monthly_pass,2024-02-15
P000055,peak_traveller,East,stored_value,2022-01-05
P000056,occasional,West,single,2023-03-11
P000057,daily_commuter,Airport,stored_value,2023-07-24
P000058,occasional,East,monthly_pass,2023-05-15
P000059,daily_commuter,Central,stored_value,2024-09-04
P000060,peak_traveller,West,monthly_pass,2022-11-28
P000061,peak_traveller,West,stored_value,2023-03-14
P000062,occasional,North,single,2022-11-20
P000063,daily_commuter,West,single,2024-03-02
P000064,occasional,Central,stored_value,2023-10-07
P000065,long_distance,West,monthly_pass,2023-01-12
P000066,peak_traveller,Airport,monthly_pass,2025-06-20
P000067,occasional,South,stored_value,2025-01-02
P000068,daily_commuter,East,monthly_pass,2024-06-14
P000069,daily_commuter,North,stored_value,2023-07-28
P000070,weekend,East,stored_value,2024-09-05
P000071,daily_commuter,Central,single,2023-11-01
P000072,peak_traveller,Airport,monthly_pass,2025-06-26
P000073,weekend,North,stored_value,2024-12-07
P000074,daily_commuter,West,single,2023-05-16
P000075,peak_traveller,Central,stored_value,2025-02-03
P000076,daily_commuter,North,monthly_pass,2025-01-03
P000077,peak_traveller,Central,monthly_pass,2025-09-30
P000078,weekend,West,single,2025-05-05
P000079,peak_traveller,Airport,single,2024-12-13
P000080,peak_traveller,North,monthly_pass,2024-10-31
P000081,daily_commuter,Central,stored_value,2023-03-16
P000082,peak_traveller,North,stored_value,2025-07-06
P000083,occasional,East,stored_value,2023-12-10
P000084,daily_commuter,South,monthly_pass,2022-02-09
P000085,daily_commuter,Airport,stored_value,2024-01-02
P000086,occasional,Central,monthly_pass,2024-05-09
P000087,peak_traveller,North,stored_value,2023-06-07
P000088,occasional,Airport,stored_value,2022-03-30
P000089,daily_commuter,Central,single,2023-01-12
P000090,daily_commuter,Airport,stored_value,2023-05-12
P000091,occasional,East,single,2024-12-09
P000092,peak_traveller,South,stored_value,2024-05-16
P000093,long_distance,East,stored_value,2022-10-03
P000094,weekend,East,stored_value,2022-11-05
P000095,daily_commuter,North,single,2024-12-01
P000096,daily_commuter,South,stored_value,2022-02-20
P000097,weekend,Airport,monthly_pass,2022-03-02
P000098,occasional,South,stored_value,2023-01-21
P000099,long_distance,West,stored_value,2023-01-02
P000100,daily_commuter,Central,monthly_pass,2023-10-15
P000101,occasional,Central,monthly_pass,2024-09-16
P000102,daily_commuter,East,stored_value,2022-01-09
P000103,daily_commuter,Central,single,2025-06-24
P000104,daily_commuter,Airport,single,2024-02-26
P000105,occasional,Central,stored_value,2024-03-31
P000106,daily_commuter,Airport,stored_value,2025-07-27
P000107,weekend,South,monthly_pass,2023-08-27
P000108,daily_commuter,South,monthly_pass,2023-06-04
P000109,long_distance,Central,monthly_pass,2025-06-20
P000110,daily_commuter,East,single,2024-10-15
P000111,peak_traveller,South,stored_value,2025-05-27
P000112,daily_commuter,East,stored_value,2024-01-26
P000113,daily_commuter,South,stored_value,2025-03-06
P000114,occasional,North,stored_value,2023-05-25
P000115,daily_commuter,South,monthly_pass,2024-03-18
P000116,weekend,Central,single,2024-10-07
P000117,daily_commuter,North,stored_value,2025-07-22
P000118,daily_commuter,South,single,2024-08-06
P000119,daily_commuter,West,monthly_pass,2023-07-13
P000120,peak_traveller,East,stored_value,2024-02-14
P000121,occasional,South,stored_value,2025-07-01
P000122,long_distance,Airport,stored_value,2023-07-28
P000123,long_distance,East,monthly_pass,2022-12-23
P000124,long_distance,Central,stored_value,2023-02-24
P000125,weekend,East,monthly_pass,2022-05-10
P000126,peak_traveller,South,stored_value,2022-10-15
P000127,weekend,Central,single,2023-02-17
P000128,long_distance,Airport,stored_value,2022-09-26
P000129,daily_commuter,North,single,2025-06-11
P000130,occasional,East,single,2022-08-16
P000131,occasional,West,monthly_pass,2022-02-11
P000132,peak_traveller,South,monthly_pass,2025-05-06
P000133,peak_traveller,East,stored_value,2023-03-28
P000134,daily_commuter,Central,monthly_pass,2025-03-22
P000135,long_distance,Airport,stored_value,2022-05-31
P000136,weekend,North,single,2025-03-04
P000137,daily_commuter,South,monthly_pass,2024-07-06
P000138,daily_commuter,West,single,2024-09-15
P000139,occasional,Airport,single,2024-10-23
P000140,daily_commuter,Central,single,2023-02-11
P000141,daily_commuter,East,stored_value,2023-11-06
P000142,daily_commuter,South,monthly_pass,2022-08-01
P000143,occasional,West,monthly_pass,2025-08-03
P000144,weekend,Central,single,2023-05-04
P000145,daily_commuter,North,monthly_pass,2022-02-03
P000146,long_distance,East,single,2022-01-20
P000147,weekend,North,monthly_pass,2023-10-16
P000148,daily_commuter,Airport,monthly_pass,2023-11-27
P000149,daily_commuter,East,stored_value,2023-02-12
P000150,occasional,East,stored_value,2024-07-09
P000151,peak_traveller,North,monthly_pass,2022-04-01
P000152,daily_commuter,West,single,2023-03-01
P000153,peak_traveller,Central,stored_value,2022-11-02
P000154,peak_traveller,Airport,stored_value,2024-10-27
P000155,daily_commuter,East,single,2022-02-20
P000156,daily_commuter,Airport,single,2022-06-21
P000157,daily_commuter,East,monthly_pass,2024-02-01
P000158,occasional,East,stored_value,2023-09-11
P000159,daily_commuter,East,single,2024-05-25
P000160,weekend,North,monthly_pass,2024-07-13
P000161,daily_commuter,West,monthly_pass,2022-09-21
P000162,daily_commuter,North,stored_value,2025-01-28
P000163,occasional,East,stored_value,2025-01-03
P000164,peak_traveller,Central,stored_value,2025-06-04
P000165,daily_commuter,Airport,stored_value,2022-03-31
P000166,daily_commuter,East,monthly_pass,2023-09-09
P000167,peak_traveller,Central,stored_value,2022-02-25
P000168,peak_traveller,Central,single,2024-03-31
P000169,daily_commuter,Airport,monthly_pass,2024-03-06
P000170,daily_commuter,West,stored_value,2023-08-20
P000171,daily_commuter,North,monthly_pass,2022-06-27
P000172,weekend,Airport,stored_value,2024-12-15
P000173,long_distance,North,monthly_pass,2023-09-17
P000174,daily_commuter,East,monthly_pass,2023-01-31
P000175,occasional,West,single,2025-06-26
P000176,weekend,Airport,monthly_pass,2023-02-03
P000177,weekend,West,stored_value,2023-10-19
P000178,weekend,South,stored_value,2023-11-02
P000179,daily_commuter,West,monthly_pass,2024-12-22
P000180,long_distance,South,monthly_pass,2025-04-22
P000181,daily_commuter,Airport,monthly_pass,2022-02-02
P000182,peak_traveller,Airport,single,2023-05-13
P000183,peak_traveller,North,monthly_pass,2022-05-14
P000184,peak_traveller,Central,stored_value,2025-08-26
P000185,long_distance,Central,monthly_pass,2023-08-15
P000186,long_distance,Central,monthly_pass,2024-06-13
P000187,occasional,South,monthly_pass,2023-02-08
P000188,daily_commuter,East,single,2024-03-25
P000189,daily_commuter,Central,stored_value,2025-07-10
P000190,daily_commuter,Airport,stored_value,2022-04-30
P000191,daily_commuter,Airport,stored_value,2022-11-26
P000192,daily_commuter,East,monthly_pass,2022-07-14
P000193,peak_traveller,Central,single,2023-05-07
P000194,weekend,Airport,single,2024-03-08
P000195,weekend,West,single,2025-09-28
P000196,daily_commuter,Airport,monthly_pass,2022-10-09
P000197,long_distance,South,stored_value,2024-08-28
P000198,peak_traveller,North,monthly_pass,2024-10-08
P000199,occasional,South,stored_value,2022-11-14
P000200,weekend,West,monthly_pass,2023-01-20
P000201,peak_traveller,West,monthly_pass,2022-11-17
P000202,occasional,North,monthly_pass,2025-01-06
P000203,long_distance,East,single,2024-12-21
P000204,daily_commuter,West,stored_value,2022-10-11
P000205,peak_traveller,South,stored_value,2025-05-10
P000206,daily_commuter,Airport,stored_value,2024-10-21
P000207,daily_commuter,West,monthly_pass,2023-02-09
P000208,occasional,South,stored_value,2024-10-08
P000209,daily_commuter,Central,monthly_pass,2025-06-23
P000210,daily_commuter,Airport,single,2022-12-24
P000211,long_distance,East,single,2025-04-01
P000212,long_distance,North,stored_value,2023-10-24
P000213,long_distance,West,stored_value,2024-12-17
P000214,weekend,Central,single,2024-09-08
P000215,long_distance,North,monthly_pass,2024-12-04
P000216,daily_commuter,North,stored_value,2023-03-03
P000217,occasional,South,monthly_pass,2023-05-24
P000218,daily_commuter,Airport,stored_value,2022-03-03
P000219,daily_commuter,Central,monthly_pass,2025-02-24
P000220,daily_commuter,East,stored_value,2022-08-21
P000221,occasional,West,single,2025-03-02
P000222,weekend,East,monthly_pass,2022-02-09
P000223,daily_commuter,East,stored_value,2023-08-14
P000224,peak_traveller,South,monthly_pass,2022-12-15
P000225,occasional,South,monthly_pass,2023-08-04
P000226,daily_commuter,North,stored_value,2023-02-19
P000227,occasional,Airport,monthly_pass,2024-02-07
P000228,long_distance,Central,monthly_pass,2024-05-24
P000229,daily_commuter,South,single,2023-01-03
P000230,daily_commuter,North,monthly_pass,2025-08-24
P000231,peak_traveller,West,monthly_pass,2023-03-25
P000232,occasional,Airport,stored_value,2022-12-25
P000233,occasional,East,single,2024-04-11
P000234,daily_commuter,North,monthly_pass,2025-07-11
P000235,occasional,West,monthly_pass,2024-05-16
P000236,weekend,West,single,2024-02-01
P000237,peak_traveller,South,monthly_pass,2024-01-18
P000238,occasional,Airport,monthly_pass,2025-09-23
P000239,long_distance,South,stored_value,2023-05-30
P000240,weekend,North,stored_value,2023-09-10
P000241,daily_commuter,East,stored_value,2023-02-26
P000242,occasional,West,monthly_pass,2022-09-03
P000243,occasional,East,monthly_pass,2023-07-05
P000244,peak_traveller,South,monthly_pass,2022-03-02
P000245,peak_traveller,Airport,monthly_pass,2022-06-07
P000246,weekend,East,stored_value,2023-02-03
P000247,long_distance,West,stored_value,2022-03-13
P000248,occasional,West,stored_value,2025-01-31
P000249,peak_traveller,South,stored_value,2022-02-22
P000250,daily_commuter,Airport,monthly_pass,2024-03-06
P000251,daily_commuter,Airport,single,2024-06-12
P000252,daily_commuter,Airport,single,2025-03-08
P000253,peak_traveller,South,single,2023-01-15
P000254,weekend,East,monthly_pass,2022-02-01
P000255,daily_commuter,West,monthly_pass,2025-08-26
P000256,weekend,Central,single,2022-06-26
P000257,daily_commuter,North,stored_value,2022-05-25
P000258,daily_commuter,East,stored_value,2024-09-19
P000259,weekend,Airport,monthly_pass,2024-07-15
P000260,peak_traveller,West,monthly_pass,2025-09-02
P000261,daily_commuter,Airport,monthly_pass,2022-01-06
P000262,long_distance,East,monthly_pass,2024-10-14
P000263,daily_commuter,Central,stored_value,2022-06-10
P000264,weekend,East,monthly_pass,2024-08-01
P000265,peak_traveller,East,stored_value,2022-03-03
P000266,peak_traveller,Airport,stored_value,2022-12-11
P000267,peak_traveller,Airport,monthly_pass,2022-04-04
P000268,daily_commuter,East,stored_value,2024-06-30
P000269,occasional,West,monthly_pass,2024-12-19
P000270,peak_traveller,Airport,stored_value,2025-01-09
P000271,occasional,South,stored_value,2021-12-09
P000272,daily_commuter,East,stored_value,2023-08-24
P000273,occasional,East,single,2024-12-31
P000274,daily_commuter,East,single,2024-11-01
P000275,peak_traveller,North,monthly_pass,2024-04-12
P000276,daily_commuter,North,stored_value,2025-05-22
P000277,daily_commuter,Airport,stored_value,2025-02-03
P000278,daily_commuter,Airport,stored_value,2022-10-19
P000279,daily_commuter,Airport,single,2025-06-03
P000280,weekend,Central,stored_value,2022-09-11
P000281,weekend,North,monthly_pass,2024-04-01
P000282,peak_traveller,West,monthly_pass,2023-12-19
P000283,daily_commuter,Central,stored_value,2025-03-13
P000284,daily_commuter,East,stored_value,2025-03-14
P000285,daily_commuter,South,stored_value,2025-05-02
P000286,weekend,East,stored_value,2021-12-29
P000287,peak_traveller,North,monthly_pass,2024-12-04
P000288,weekend,West,stored_value,2023-01-12
P000289,peak_traveller,South,monthly_pass,2025-02-15
P000290,occasional,North,monthly_pass,2024-01-06
P000291,daily_commuter,Central,single,2025-09-29
P000292,peak_traveller,South,stored_value,2024-06-28
P000293,daily_commuter,Airport,single,2025-07-11
P000294,daily_commuter,Central,single,2025-09-27
P000295,daily_commuter,North,monthly_pass,2023-10-19
P000296,daily_commuter,West,stored_value,2024-11-08
P000297,long_distance,West,monthly_pass,2022-09-16
P000298,daily_commuter,South,stored_value,2025-06-21
P000299,daily_commuter,West,stored_value,2022-04-14
P000300,peak_traveller,Airport,single,2025-04-26
P000301,long_distance,West,stored_value,2025-03-09
P000302,peak_traveller,East,stored_value,2025-05-18
P000303,long_distance,Central,stored_value,2024-07-15
P000304,daily_commuter,Airport,single,2022-07-30
P000305,daily_commuter,Airport,stored_value,2024-10-13
P000306,long_distance,North,single,2025-04-17
P000307,peak_traveller,South,stored_value,2022-04-23
P000308,daily_commuter,Airport,stored_value,2024-09-27
P000309,occasional,North,stored_value,2022-01-10
P000310,long_distance,Airport,stored_value,2022-12-19
P000311,long_distance,East,monthly_pass,2022-04-23
P000312,daily_commuter,Central,stored_value,2025-06-15
P000313,daily_commuter,Central,single,2022-03-23
P000314,daily_commuter,Airport,stored_value,2022-10-17
P000315,peak_traveller,West,stored_value,2025-05-16
P000316,daily_commuter,North,monthly_pass,2022-04-06
P000317,occasional,Airport,stored_value,2023-11-01
P000318,occasional,Airport,stored_value,2022-04-21
P000319,occasional,Airport,stored_value,2022-09-09
P000320,peak_traveller,West,stored_value,2022-04-14
P000321,daily_commuter,West,single,2022-01-20
P000322,peak_traveller,South,stored_value,2025-04-22
P000323,peak_traveller,South,stored_value,2022-11-25
P000324,daily_commuter,West,monthly_pass,2025-07-10
P000325,long_distance,South,stored_value,2024-02-22
P000326,daily_commuter,Central,monthly_pass,2022-10-08
P000327,weekend,North,monthly_pass,2023-03-16
P000328,daily_commuter,North,stored_value,2025-04-01
P000329,peak_traveller,West,stored_value,2022-11-04
P000330,peak_traveller,South,single,2023-03-19
P000331,peak_traveller,North,stored_value,2025-04-25
P000332,daily_commuter,Airport,stored_value,2022-06-04
P000333,peak_traveller,North,stored_value,2025-09-27
P000334,peak_traveller,West,stored_value,2023-07-01
P000335,weekend,West,stored_value,2022-09-20
P000336,daily_commuter,East,stored_value,2023-11-27
P000337,peak_traveller,South,stored_value,2025-09-19
P000338,weekend,North,monthly_pass,2022-04-03
P000339,occasional,North,stored_value,2023-09-05
P000340,daily_commuter,Airport,single,2023-12-12
P000341,weekend,South,single,2025-08-31
P000342,peak_traveller,East,monthly_pass,2025-06-09
P000343,peak_traveller,South,single,2022-07-15
P000344,peak_traveller,Airport,single,2022-02-02
P000345,occasional,West,stored_value,2025-05-04
P000346,occasional,Central,monthly_pass,2023-05-08
P000347,daily_commuter,Airport,stored_value,2025-05-08
P000348,daily_commuter,Central,monthly_pass,2024-07-31
P000349,occasional,South,single,2022-08-09
P000350,daily_commuter,North,monthly_pass,2022-09-16
P000351,weekend,East,single,2025-03-30
P000352,peak_traveller,North,stored_value,2025-03-15
P000353,long_distance,North,monthly_pass,2022-12-24
P000354,daily_commuter,West,monthly_pass,2023-11-22
P000355,long_distance,South,stored_value,2023-04-08
P000356,peak_traveller,Airport,monthly_pass,2023-10-07
P000357,daily_commuter,Central,stored_value,2024-05-30
P000358,occasional,West,stored_value,2025-09-28
P000359,daily_commuter,Airport,stored_value,2023-10-14
P000360,weekend,North,stored_value,2025-01-02
P000361,daily_commuter,Central,single,2024-02-28
P000362,daily_commuter,Central,single,2022-08-22
P000363,daily_commuter,Central,stored_value,2023-06-23
P000364,occasional,South,single,2023-12-26
P000365,peak_traveller,Central,monthly_pass,2024-06-08
P000366,peak_traveller,East,stored_value,2025-09-18
P000367,peak_traveller,East,single,2025-06-28
P000368,peak_traveller,North,stored_value,2022-09-06
P000369,peak_traveller,East,single,2024-08-17
P000370,peak_traveller,South,monthly_pass,2024-04-17
P000371,occasional,Airport,stored_value,2021-12-14
P000372,daily_commuter,South,stored_value,2025-09-19
P000373,daily_commuter,South,stored_value,2024-02-03
P000374,occasional,Central,single,2024-10-09
P000375,daily_commuter,Airport,stored_value,2024-03-11
P000376,daily_commuter,West,stored_value,2024-02-02
P000377,daily_commuter,North,stored_value,2023-02-08
P000378,occasional,South,monthly_pass,2023-12-03
P000379,weekend,West,single,2025-04-01
P000380,daily_commuter,West,stored_value,2024-12-16
P000381,long_distance,Airport,stored_value,2023-03-17
P000382,weekend,North,single,2022-11-04
P000383,weekend,South,stored_value,2023-04-11
P000384,weekend,East,stored_value,2025-02-23
P000385,weekend,Airport,monthly_pass,2023-07-30
P000386,occasional,Airport,single,2023-05-06
P000387,weekend,Airport,single,2025-06-03
P000388,occasional,Central,single,2025-06-22
P000389,daily_commuter,West,stored_value,2024-01-29
P000390,daily_commuter,Airport,monthly_pass,2022-12-13
P000391,occasional,South,stored_value,2023-05-03
P000392,peak_traveller,Central,stored_value,2023-03-10
P000393,long_distance,South,single,2024-12-08
P000394,long_distance,Central,single,2023-11-23
P000395,weekend,South,monthly_pass,2024-04-21
P000396,daily_commuter,East,monthly_pass,2023-04-08
P000397,peak_traveller,Airport,single,2023-12-24
P000398,occasional,South,single,2022-04-08
P000399,occasional,Central,stored_value,2024-03-30
P000400,occasional,Airport,monthly_pass,2022-08-24
P000401,daily_commuter,East,single,2025-04-30
P000402,daily_commuter,Central,stored_value,2023-07-30
P000403,weekend,Airport,single,2022-05-17
P000404,peak_traveller,West,stored_value,2023-12-15
P000405,daily_commuter,South,monthly_pass,2022-12-25
P000406,daily_commuter,West,single,2024-05-27
P000407,peak_traveller,North,stored_value,2023-01-25
P000408,daily_commuter,North,monthly_pass,2022-09-07
P000409,occasional,North,stored_value,2022-02-13
P000410,occasional,Central,monthly_pass,2024-08-11
P000411,occasional,Central,single,2024-07-26
P000412,daily_commuter,West,monthly_pass,2023-06-14
P000413,long_distance,East,monthly_pass,2025-09-25
P000414,peak_traveller,Airport,stored_value,2021-12-14
P000415,long_distance,East,monthly_pass,2023-04-20
P000416,peak_traveller,Central,single,2022-07-19
P000417,occasional,Central,stored_value,2024-01-15
P000418,long_distance,Central,stored_value,2024-03-19
P000419,peak_traveller,Airport,monthly_pass,2022-03-06
P000420,daily_commuter,East,stored_value,2022-09-23
P000421,daily_commuter,Airport,single,2022-06-13
P000422,daily_commuter,West,single,2024-08-30
P000423,weekend,Central,stored_value,2025-03-23
P000424,weekend,West,monthly_pass,2024-07-14
P000425,weekend,East,monthly_pass,2023-11-04
P000426,weekend,West,stored_value,2024-04-09
P000427,long_distance,South,single,2024-07-23
P000428,daily_commuter,Central,stored_value,2023-11-19
P000429,daily_commuter,Airport,monthly_pass,2023-03-21
P000430,long_distance,West,stored_value,2021-12-16
P000431,occasional,North,stored_value,2022-03-08
P000432,peak_traveller,North,monthly_pass,2023-04-18
P000433,daily_commuter,Central,monthly_pass,2025-04-09
P000434,weekend,Airport,stored_value,2025-04-01
P000435,daily_commuter,Airport,monthly_pass,2021-12-24
P000436,occasional,South,stored_value,2023-01-21
P000437,peak_traveller,Central,single,2023-10-20
P000438,occasional,Airport,monthly_pass,2023-09-11
P000439,daily_commuter,Airport,single,2024-12-04
P000440,long_distance,East,monthly_pass,2024-09-15
P000441,peak_traveller,Airport,single,2022-12-23
P000442,occasional,East,stored_value,2025-09-01
P000443,daily_commuter,South,single,2023-08-23
P000444,weekend,Central,stored_value,2023-05-15
P000445,weekend,North,stored_value,2025-05-04
P000446,peak_traveller,Airport,stored_value,2024-05-24
P000447,daily_commuter,Central,single,2023-08-26
P000448,long_distance,Central,single,2023-08-13
P000449,daily_commuter,Airport,monthly_pass,2024-09-20
P000450,weekend,East,stored_value,2024-03-15
P000451,long_distance,Airport,stored_value,2025-06-05
P000452,daily_commuter,East,single,2025-03-30
P000453,weekend,East,single,2023-11-05
P000454,long_distance,North,monthly_pass,2022-09-16
P000455,long_distance,Airport,stored_value,2025-01-21
P000456,daily_commuter,East,stored_value,2025-01-06
P000457,peak_traveller,South,monthly_pass,2025-03-22
P000458,long_distance,West,stored_value,2022-10-23
P000459,daily_commuter,South,stored_value,2023-01-02
P000460,occasional,West,stored_value,2025-08-13
P000461,daily_commuter,Central,stored_value,2024-06-02
P000462,daily_commuter,South,monthly_pass,2025-02-26
P000463,occasional,Central,stored_value,2023-08-25
P000464,daily_commuter,West,monthly_pass,2024-06-28
P000465,daily_commuter,South,stored_value,2022-06-02
P000466,peak_traveller,West,single,2025-07-10
P000467,daily_commuter,North,monthly_pass,2025-03-10
P000468,occasional,South,single,2022-04-06
P000469,peak_traveller,North,single,2024-07-25
P000470,daily_commuter,North,stored_value,2024-11-28
P000471,peak_traveller,Airport,monthly_pass,2024-11-16
P000472,daily_commuter,South,monthly_pass,2024-08-25
P000473,occasional,South,stored_value,2024-01-01
P000474,daily_commuter,South,single,2024-05-18
P000475,daily_commuter,Airport,stored_value,2024-02-24
P000476,daily_commuter,East,single,2023-07-14
P000477,peak_traveller,Airport,stored_value,2022-11-28
P000478,daily_commuter,Airport,stored_value,2023-01-12
P000479,daily_commuter,South,stored_value,2025-09-09
P000480,weekend,East,stored_value,2024-12-21
P000481,long_distance,East,monthly_pass,2024-01-13
P000482,daily_commuter,West,stored_value,2025-01-31
P000483,daily_commuter,Central,stored_value,2023-01-10
P000484,weekend,South,single,2022-11-16
P000485,peak_traveller,South,monthly_pass,2022-02-13
P000486,occasional,Central,monthly_pass,2024-12-31
P000487,long_distance,West,single,2023-05-31
P000488,peak_traveller,Airport,stored_value,2024-12-23
P000489,daily_commuter,Central,stored_value,2024-09-28
P000490,peak_traveller,South,single,2023-03-09
P000491,peak_traveller,East,stored_value,2023-12-09
P000492,occasional,Airport,single,2023-07-03
P000493,daily_commuter,North,monthly_pass,2022-09-29
P000494,long_distance,South,monthly_pass,2025-09-23
P000495,occasional,East,stored_value,2023-08-07
P000496,daily_commuter,North,monthly_pass,2024-03-05
P000497,occasional,Airport,monthly_pass,2022-03-04
P000498,long_distance,Airport,stored_value,2025-06-19
P000499,occasional,Airport,stored_value,2023-02-04
P000500,daily_commuter,Central,stored_value,2024-09-22
P000501,weekend,North,single,2024-10-08
P000502,peak_traveller,East,single,2023-08-13
P000503,daily_commuter,North,stored_value,2022-10-06
P000504,long_distance,Central,stored_value,2023-12-26
P000505,daily_commuter,Airport,single,2025-01-17
P000506,weekend,East,monthly_pass,2023-07-12
P000507,daily_commuter,East,single,2023-11-07
P000508,daily_commuter,West,stored_value,2025-08-11
P000509,long_distance,Central,monthly_pass,2024-03-07
P000510,occasional,Airport,monthly_pass,2024-02-28
P000511,daily_commuter,North,stored_value,2023-06-24
P000512,daily_commuter,North,stored_value,2024-08-21
P000513,long_distance,Central,single,2024-12-22
P000514,daily_commuter,Airport,stored_value,2021-12-08
P000515,daily_commuter,South,single,2022-06-03
P000516,peak_traveller,West,single,2024-03-15
P000517,weekend,North,stored_value,2023-06-02
P000518,daily_commuter,North,stored_value,2024-09-23
P000519,daily_commuter,East,stored_value,2025-02-20
P000520,daily_commuter,South,stored_value,2023-03-10
P000521,peak_traveller,South,monthly_pass,2023-03-22
P000522,long_distance,Airport,stored_value,2023-08-25
P000523,peak_traveller,North,monthly_pass,2025-06-21
P000524,peak_traveller,Central,stored_value,2024-05-14
P000525,occasional,West,stored_value,2023-12-15
P000526,weekend,South,stored_value,2025-02-12
P000527,daily_commuter,South,single,2023-05-21
P000528,occasional,North,monthly_pass,2024-09-15
P000529,daily_commuter,Airport,stored_value,2023-04-08
P000530,daily_commuter,Airport,monthly_pass,2023-09-11
P000531,long_distance,North,monthly_pass,2024-03-04
P000532,daily_commuter,East,stored_value,2023-05-04
P000533,daily_commuter,South,stored_value,2022-11-28
P000534,daily_commuter,East,single,2022-10-29
P000535,daily_commuter,South,monthly_pass,2024-09-09
P000536,daily_commuter,East,monthly_pass,2024-03-07
P000537,daily_commuter,West,stored_value,2024-11-01
P000538,daily_commuter,East,monthly_pass,2025-01-12
P000539,daily_commuter,Central,monthly_pass,2023-08-04
P000540,daily_commuter,North,stored_value,2022-03-12
P000541,long_distance,North,monthly_pass,2021-12-25
P000542,long_distance,West,stored_value,2024-06-04
P000543,long_distance,West,single,2025-01-24
P000544,long_distance,South,stored_value,2022-10-29
P000545,peak_traveller,East,monthly_pass,2024-08-18
P000546,daily_commuter,Airport,monthly_pass,2024-11-28
P000547,daily_commuter,East,stored_value,2022-10-15
P000548,weekend,East,stored_value,2024-06-03
P000549,occasional,South,stored_value,2022-07-14
P000550,daily_commuter,Airport,stored_value,2023-12-30
P000551,weekend,Airport,stored_value,2023-07-10
P000552,occasional,East,monthly_pass,2024-06-13
P000553,long_distance,Central,stored_value,2024-08-24
P000554,long_distance,West,stored_value,2022-04-17
P000555,occasional,East,monthly_pass,2025-06-29
P000556,daily_commuter,Central,stored_value,2022-08-27
P000557,weekend,South,monthly_pass,2025-04-22
P000558,weekend,South,stored_value,2023-06-24
P000559,peak_traveller,South,monthly_pass,2025-09-28
P000560,occasional,West,stored_value,2024-07-18
P000561,daily_commuter,South,monthly_pass,2022-01-05
P000562,peak_traveller,South,monthly_pass,2024-11-09
P000563,weekend,South,single,2022-02-11
P000564,weekend,Central,monthly_pass,2024-09-02
P000565,occasional,East,single,2023-01-07
P000566,weekend,West,stored_value,2023-11-06
P000567,daily_commuter,Airport,stored_value,2023-06-17
P000568,occasional,East,monthly_pass,2022-09-19
P000569,occasional,South,stored_value,2023-01-10
P000570,daily_commuter,East,stored_value,2022-02-21
P000571,daily_commuter,South,stored_value,2025-06-17
P000572,daily_commuter,North,stored_value,2022-08-26
P000573,peak_traveller,East,single,2022-05-11
P000574,long_distance,West,monthly_pass,2024-02-18
P000575,long_distance,Central,single,2023-09-15
P000576,occasional,West,monthly_pass,2022-03-12
P000577,peak_traveller,Central,monthly_pass,2024-12-29
P000578,long_distance,South,stored_value,2023-10-23
P000579,occasional,South,stored_value,2023-04-05
P000580,long_distance,South,monthly_pass,2022-11-10
P000581,peak_traveller,Airport,stored_value,2024-12-29
P000582,occasional,North,monthly_pass,2023-01-06
P000583,daily_commuter,North,single,2023-09-29
P000584,long_distance,South,stored_value,2022-06-30
P000585,daily_commuter,West,monthly_pass,2022-08-16
P000586,peak_traveller,West,stored_value,2023-02-25
P000587,weekend,East,stored_value,2023-09-11
P000588,daily_commuter,North,monthly_pass,2025-08-22
P000589,daily_commuter,Airport,single,2024-01-07
P000590,peak_traveller,West,stored_value,2022-11-29
P000591,occasional,East,monthly_pass,2025-05-02
P000592,occasional,West,monthly_pass,2025-01-11
P000593,daily_commuter,South,monthly_pass,2023-11-10
P000594,daily_commuter,East,stored_value,2023-01-08
P000595,long_distance,Airport,monthly_pass,2025-04-28
P000596,occasional,South,monthly_pass,2023-07-24
P000597,occasional,Central,single,2023-08-02
P000598,daily_commuter,East,monthly_pass,2024-08-15
P000599,daily_commuter,South,monthly_pass,2022-08-21
P000600,daily_commuter,South,stored_value,2022-11-19
P000601,occasional,South,monthly_pass,2024-11-19
P000602,daily_commuter,South,single,2024-05-17
P000603,daily_commuter,Central,stored_value,2023-04-01
P000604,daily_commuter,Airport,stored_value,2023-11-15
P000605,peak_traveller,East,stored_value,2025-01-26
P000606,daily_commuter,West,stored_value,2023-01-12
P000607,weekend,North,monthly_pass,2023-10-20
P000608,weekend,West,stored_value,2025-04-21
P000609,daily_commuter,East,stored_value,2024-05-30
P000610,occasional,East,single,2024-03-28
P000611,daily_commuter,East,stored_value,2025-02-16
P000612,peak_traveller,Airport,stored_value,2025-08-11
P000613,daily_commuter,South,stored_value,2024-01-03
P000614,weekend,Airport,monthly_pass,2022-08-04
P000615,occasional,North,stored_value,2024-05-10
P000616,peak_traveller,East,monthly_pass,2024-03-22
P000617,peak_traveller,Central,stored_value,2024-01-27
P000618,daily_commuter,West,stored_value,2022-05-19
P000619,peak_traveller,South,stored_value,2024-11-28
P000620,occasional,West,monthly_pass,2024-08-14
P000621,occasional,Airport,single,2022-11-16
P000622,peak_traveller,East,monthly_pass,2024-10-20
P000623,occasional,West,monthly_pass,2022-11-19
P000624,occasional,South,stored_value,2024-09-20
P000625,peak_traveller,North,stored_value,2024-10-10
P000626,occasional,Central,single,2025-07-26
P000627,daily_commuter,East,stored_value,2025-05-27
P000628,occasional,South,single,2021-12-28
P000629,occasional,Airport,stored_value,2023-07-08
P000630,long_distance,North,monthly_pass,2024-01-10
P000631,long_distance,East,monthly_pass,2024-05-07
P000632,peak_traveller,North,stored_value,2023-10-01
P000633,occasional,North,monthly_pass,2023-07-02
P000634,daily_commuter,South,monthly_pass,2023-03-12
P000635,daily_commuter,East,stored_value,2025-03-23
P000636,weekend,West,single,2023-03-13
P000637,peak_traveller,East,stored_value,2024-07-12
P000638,weekend,South,stored_value,2024-10-17
P000639,long_distance,Central,stored_value,2023-01-21
P000640,occasional,West,stored_value,2022-06-08
P000641,daily_commuter,North,monthly_pass,2025-04-06
P000642,long_distance,Central,stored_value,2025-06-21
P000643,long_distance,North,monthly_pass,2022-11-06
P000644,long_distance,North,monthly_pass,2022-09-02
P000645,occasional,South,single,2023-01-29
P000646,weekend,South,single,2024-09-06
P000647,occasional,West,stored_value,2025-02-26
P000648,peak_traveller,South,monthly_pass,2024-03-25
P000649,daily_commuter,Airport,stored_value,2025-04-13
P000650,peak_traveller,North,monthly_pass,2023-12-04
P000651,peak_traveller,North,stored_value,2023-05-20
P000652,daily_commuter,South,monthly_pass,2025-03-06
P000653,daily_commuter,Airport,single,2024-09-12
P000654,occasional,Central,stored_value,2025-08-11
P000655,daily_commuter,West,stored_value,2023-07-28
P000656,occasional,North,stored_value,2023-06-11
P000657,occasional,Central,stored_value,2022-05-21
P000658,weekend,East,stored_value,2024-11-05
P000659,daily_commuter,North,single,2024-03-17
P000660,daily_commuter,Central,stored_value,2023-05-01
P000661,daily_commuter,East,single,2024-02-08
P000662,peak_traveller,West,stored_value,2023-02-20
P000663,daily_commuter,Airport,single,2025-04-10
P000664,peak_traveller,South,stored_value,2022-05-23
P000665,daily_commuter,Central,monthly_pass,2024-06-16
P000666,daily_commuter,Airport,stored_value,2022-06-03
P000667,peak_traveller,South,single,2023-01-27
P000668,peak_traveller,South,single,2022-09-09
P000669,peak_traveller,North,stored_value,2023-05-14
P000670,daily_commuter,Central,stored_value,2022-10-10
P000671,daily_commuter,Airport,monthly_pass,2025-08-12
P000672,peak_traveller,North,stored_value,2022-01-07
P000673,daily_commuter,Airport,stored_value,2021-12-10
P000674,daily_commuter,North,stored_value,2023-11-03
P000675,daily_commuter,South,monthly_pass,2023-04-28
P000676,daily_commuter,Airport,stored_value,2022-07-27
P000677,occasional,West,stored_value,2022-02-26
P000678,daily_commuter,East,single,2024-07-03
P000679,daily_commuter,South,monthly_pass,2024-03-31
P000680,weekend,Airport,monthly_pass,2023-12-08
P000681,long_distance,East,stored_value,2022-03-10
P000682,weekend,Central,monthly_pass,2025-03-04
P000683,daily_commuter,West,stored_value,2023-02-20
P000684,daily_commuter,Airport,single,2022-03-06
P000685,daily_commuter,West,monthly_pass,2025-09-21
P000686,daily_commuter,West,single,2023-03-24
P000687,peak_traveller,North,monthly_pass,2023-10-15
P000688,peak_traveller,East,stored_value,2025-02-24
P000689,daily_commuter,East,monthly_pass,2022-05-05
P000690,peak_traveller,North,monthly_pass,2024-03-19
P000691,occasional,North,stored_value,2024-08-04
P000692,daily_commuter,Airport,stored_value,2023-04-06
P000693,daily_commuter,Central,monthly_pass,2024-02-12
P000694,daily_commuter,South,monthly_pass,2023-02-25
P000695,occasional,North,stored_value,2025-01-04
P000696,daily_commuter,Central,single,2022-08-10
P000697,occasional,East,stored_value,2024-05-20
P000698,daily_commuter,South,stored_value,2025-09-16
P000699,peak_traveller,Central,stored_value,2024-07-31
P000700,peak_traveller,North,stored_value,2024-10-02
P000701,peak_traveller,East,stored_value,2022-09-22
P000702,weekend,Airport,single,2024-02-01
P000703,daily_commuter,West,single,2024-08-08
P000704,daily_commuter,North,stored_value,2024-06-28
P000705,daily_commuter,North,monthly_pass,2022-10-29
P000706,daily_commuter,Airport,stored_value,2023-11-17
P000707,daily_commuter,North,stored_value,2024-05-29
P000708,weekend,South,stored_value,2023-11-09
P000709,long_distance,South,stored_value,2025-05-14
P000710,long_distance,South,monthly_pass,2024-03-08
P000711,daily_commuter,South,monthly_pass,2024-09-05
P000712,peak_traveller,East,monthly_pass,2025-02-09
P000713,occasional,East,monthly_pass,2022-01-08
P000714,long_distance,East,monthly_pass,2022-04-07
P000715,peak_traveller,Airport,stored_value,2024-04-24
P000716,occasional,South,single,2025-05-31
P000717,daily_commuter,South,single,2024-01-03
P000718,daily_commuter,East,stored_value,2023-06-02
P000719,weekend,East,single,2023-11-24
P000720,weekend,North,stored_value,2022-06-25
P000721,peak_traveller,Central,single,2022-12-26
P000722,daily_commuter,Airport,stored_value,2025-05-12
P000723,peak_traveller,East,single,2023-12-25
P000724,weekend,Airport,stored_value,2023-05-19
P000725,occasional,West,monthly_pass,2024-07-22
P000726,peak_traveller,Airport,stored_value,2025-09-24
P000727,peak_traveller,East,stored_value,2023-04-21
P000728,daily_commuter,Airport,monthly_pass,2024-11-19
P000729,daily_commuter,East,stored_value,2024-08-31
P000730,daily_commuter,East,monthly_pass,2024-08-15
P000731,occasional,East,single,2022-10-01
P000732,daily_commuter,South,single,2022-09-09
P000733,daily_commuter,Airport,monthly_pass,2023-09-12
P000734,peak_traveller,South,single,2022-08-31
P000735,daily_commuter,Airport,stored_value,2023-09-06
P000736,daily_commuter,Central,monthly_pass,2025-06-11
P000737,peak_traveller,West,stored_value,2025-09-04
P000738,occasional,North,single,2024-05-21
P000739,peak_traveller,North,monthly_pass,2021-12-16
P000740,daily_commuter,South,single,2022-07-30
P000741,long_distance,North,monthly_pass,2023-04-19
P000742,peak_traveller,North,stored_value,2022-08-04
P000743,daily_commuter,South,single,2025-02-06
P000744,daily_commuter,East,single,2023-04-19
P000745,daily_commuter,East,monthly_pass,2025-05-18
P000746,occasional,Airport,single,2024-11-04
P000747,occasional,Central,stored_value,2021-12-05
P000748,daily_commuter,South,monthly_pass,2022-11-13
P000749,daily_commuter,West,monthly_pass,2022-01-05
P000750,peak_traveller,East,stored_value,2025-09-18
P000751,peak_traveller,East,stored_value,2024-05-23
P000752,occasional,North,monthly_pass,2024-09-30
P000753,weekend,East,stored_value,2025-03-19
P000754,daily_commuter,Airport,stored_value,2022-10-08
P000755,peak_traveller,Central,single,2024-01-22
P000756,peak_traveller,Airport,stored_value,2023-10-01
P000757,daily_commuter,North,stored_value,2022-07-08
P000758,daily_commuter,East,stored_value,2022-04-15
P000759,occasional,South,single,2023-05-17
P000760,daily_commuter,Central,monthly_pass,2024-10-06
P000761,daily_commuter,Central,monthly_pass,2023-07-02
P000762,occasional,East,stored_value,2025-05-27
P000763,long_distance,South,monthly_pass,2023-08-01
P000764,peak_traveller,West,single,2023-02-24
P000765,weekend,South,monthly_pass,2024-12-23
P000766,daily_commuter,Central,stored_value,2024-05-10
P000767,peak_traveller,Central,monthly_pass,2024-06-15
P000768,long_distance,North,stored_value,2025-06-16
P000769,occasional,Airport,monthly_pass,2022-10-04
P000770,weekend,South,stored_value,2023-03-22
P000771,occasional,Central,monthly_pass,2022-12-17
P000772,occasional,North,stored_value,2023-07-17
P000773,peak_traveller,Central,stored_value,2023-05-27
P000774,occasional,West,stored_value,2023-01-03
P000775,daily_commuter,East,stored_value,2024-05-12
P000776,peak_traveller,Airport,stored_value,2025-01-11
P000777,daily_commuter,West,monthly_pass,2024-01-05
P000778,daily_commuter,South,stored_value,2022-03-21
P000779,daily_commuter,Central,stored_value,2022-07-09
P000780,weekend,South,stored_value,2024-10-02
P000781,daily_commuter,Central,single,2024-10-06
P000782,daily_commuter,North,single,2024-01-04
P000783,peak_traveller,Airport,stored_value,2023-01-26
P000784,long_distance,Central,monthly_pass,2022-10-06
P000785,weekend,West,stored_value,2023-12-12
P000786,weekend,Central,single,2025-04-04
P000787,occasional,West,monthly_pass,2022-09-17
P000788,daily_commuter,Airport,stored_value,2022-05-22
P000789,weekend,Central,stored_value,2024-03-29
P000790,daily_commuter,South,stored_value,2023-01-21
P000791,daily_commuter,Airport,monthly_pass,2024-04-30
P000792,daily_commuter,Central,monthly_pass,2022-02-12
P000793,weekend,North,stored_value,2022-09-16
P000794,occasional,Airport,single,2025-05-14
P000795,occasional,East,stored_value,2024-09-26
P000796,daily_commuter,North,stored_value,2022-02-03
P000797,occasional,Central,stored_value,2025-05-13
P000798,weekend,South,stored_value,2022-04-11
P000799,long_distance,West,stored_value,2024-01-26
P000800,daily_commuter,Central,monthly_pass,2023-04-22
P000801,daily_commuter,West,stored_value,2024-03-03
P000802,daily_commuter,East,monthly_pass,2022-11-28
P000803,daily_commuter,West,stored_value,2025-01-31
P000804,weekend,Airport,single,2024-12-25
P000805,daily_commuter,East,stored_value,2022-09-24
P000806,daily_commuter,North,monthly_pass,2022-05-31
P000807,weekend,East,monthly_pass,2022-07-28
P000808,long_distance,North,stored_value,2025-03-14
P000809,daily_commuter,East,stored_value,2023-05-30
P000810,long_distance,Central,single,2023-04-14
P000811,weekend,Airport,stored_value,2023-04-07
P000812,daily_commuter,East,monthly_pass,2025-06-07
P000813,occasional,North,single,2023-02-16
P000814,peak_traveller,Central,single,2022-05-26
P000815,peak_traveller,Airport,monthly_pass,2023-02-28
P000816,daily_commuter,East,stored_value,2024-02-10
P000817,daily_commuter,South,stored_value,2024-10-26
P000818,peak_traveller,Central,monthly_pass,2022-10-08
P000819,daily_commuter,East,monthly_pass,2024-05-25
P000820,occasional,West,single,2023-12-30
P000821,daily_commuter,East,single,2025-03-15
P000822,daily_commuter,Central,stored_value,2023-11-11
P000823,occasional,Airport,single,2024-12-07
P000824,long_distance,Central,stored_value,2024-04-30
P000825,occasional,South,monthly_pass,2022-05-31
P000826,weekend,Airport,stored_value,2024-04-28
P000827,daily_commuter,East,stored_value,2023-09-14
P000828,peak_traveller,South,single,2023-03-14
P000829,daily_commuter,Central,monthly_pass,2024-02-25
P000830,weekend,South,single,2022-12-08
P000831,daily_commuter,East,stored_value,2022-09-26
P000832,daily_commuter,North,monthly_pass,2023-07-31
P000833,daily_commuter,West,stored_value,2024-06-20
P000834,occasional,Airport,stored_value,2023-06-02
P000835,daily_commuter,South,monthly_pass,2025-06-16
P000836,occasional,Central,stored_value,2025-02-13
P000837,weekend,Central,stored_value,2025-04-16
P000838,occasional,South,single,2024-07-06
P000839,peak_traveller,North,single,2022-11-20
P000840,peak_traveller,East,single,2022-09-25
P000841,daily_commuter,West,stored_value,2025-05-13
P000842,occasional,West,stored_value,2022-09-15
P000843,daily_commuter,West,monthly_pass,2025-01-16
P000844,long_distance,East,single,2025-07-12
P000845,daily_commuter,Central,stored_value,2023-06-08
P000846,daily_commuter,North,monthly_pass,2023-01-04
P000847,occasional,Central,single,2024-10-16
P000848,weekend,North,stored_value,2023-05-21
P000849,peak_traveller,Central,stored_value,2025-06-28
P000850,weekend,West,stored_value,2022-05-15
P000851,long_distance,East,stored_value,2023-06-25
P000852,weekend,East,stored_value,2023-03-04
P000853,daily_commuter,East,monthly_pass,2022-11-09
P000854,weekend,South,stored_value,2023-12-19
P000855,daily_commuter,East,monthly_pass,2024-09-02
P000856,weekend,East,single,2024-08-08
P000857,peak_traveller,South,stored_value,2024-12-23
P000858,daily_commuter,North,monthly_pass,2023-02-16
P000859,long_distance,South,single,2022-06-14
P000860,daily_commuter,East,single,2023-06-09
P000861,peak_traveller,South,monthly_pass,2023-12-21
P000862,daily_commuter,East,stored_value,2023-03-04
P000863,weekend,East,monthly_pass,2021-12-23
P000864,occasional,Airport,monthly_pass,2024-06-07
P000865,long_distance,North,stored_value,2024-03-19
P000866,peak_traveller,South,stored_value,2025-02-07
P000867,daily_commuter,Airport,monthly_pass,2022-11-16
P000868,weekend,East,stored_value,2024-05-02
P000869,daily_commuter,Central,stored_value,2023-07-05
P000870,long_distance,West,stored_value,2024-10-01
P000871,weekend,South,single,2023-12-18
P000872,daily_commuter,North,single,2025-04-23
P000873,daily_commuter,East,monthly_pass,2023-11-01
P000874,long_distance,North,single,2025-01-19
P000875,weekend,East,single,2025-06-16
P000876,peak_traveller,East,stored_value,2023-12-08
P000877,daily_commuter,Airport,monthly_pass,2024-02-10
P000878,weekend,East,monthly_pass,2022-07-07
P000879,daily_commuter,Airport,stored_value,2022-01-28
P000880,weekend,North,stored_value,2023-05-27
P000881,peak_traveller,South,stored_value,2024-01-29
P000882,occasional,North,stored_value,2025-01-27
P000883,weekend,Central,single,2024-06-03
P000884,daily_commuter,Airport,stored_value,2024-11-19
P000885,weekend,East,stored_value,2025-03-05
P000886,weekend,North,monthly_pass,2022-12-24
P000887,weekend,Central,monthly_pass,2023-01-29
P000888,daily_commuter,West,stored_value,2022-10-01
P000889,occasional,East,stored_value,2024-03-11
P000890,daily_commuter,North,stored_value,2023-04-11
P000891,peak_traveller,East,stored_value,2025-04-30
P000892,daily_commuter,Airport,monthly_pass,2025-05-10
P000893,daily_commuter,Airport,single,2022-06-28
P000894,daily_commuter,Central,monthly_pass,2023-03-28
P000895,daily_commuter,North,monthly_pass,2024-04-21
P000896,long_distance,Central,stored_value,2023-11-22
P000897,daily_commuter,East,stored_value,2023-12-04
P000898,weekend,South,monthly_pass,2023-01-06
P000899,occasional,South,stored_value,2022-04-09
P000900,weekend,Airport,single,2023-03-06
P000901,daily_commuter,East,stored_value,2022-09-02
P000902,occasional,East,single,2024-02-26
P000903,long_distance,East,stored_value,2023-10-09
P000904,daily_commuter,South,single,2022-08-05
P000905,occasional,South,single,2022-12-25
P000906,daily_commuter,West,stored_value,2023-11-11
P000907,daily_commuter,East,stored_value,2025-09-04
P000908,daily_commuter,South,monthly_pass,2023-06-27
P000909,weekend,Airport,stored_value,2023-05-23
P000910,daily_commuter,West,monthly_pass,2023-06-02
P000911,weekend,Airport,single,2022-09-20
P000912,occasional,South,single,2022-12-25
P000913,weekend,South,monthly_pass,2024-01-09
P000914,occasional,South,monthly_pass,2024-01-28
P000915,long_distance,Central,single,2022-10-11
P000916,peak_traveller,West,monthly_pass,2023-04-12
P000917,peak_traveller,East,single,2022-04-26
P000918,daily_commuter,Airport,stored_value,2023-11-17
P000919,daily_commuter,Airport,stored_value,2024-12-24
P000920,weekend,Central,single,2024-01-20
P000921,occasional,South,stored_value,2024-06-09
P000922,daily_commuter,Central,stored_value,2022-03-17
P000923,daily_commuter,North,stored_value,2023-04-13
P000924,daily_commuter,East,monthly_pass,2023-02-07
P000925,occasional,Central,stored_value,2024-10-05
P000926,daily_commuter,Airport,monthly_pass,2023-07-29
P000927,occasional,West,monthly_pass,2022-03-12
P000928,long_distance,East,stored_value,2022-03-26
P000929,daily_commuter,Central,monthly_pass,2022-10-09
P000930,daily_commuter,East,monthly_pass,2022-07-20
P000931,weekend,Airport,monthly_pass,2021-12-05
P000932,peak_traveller,South,stored_value,2024-11-02
P000933,daily_commuter,East,monthly_pass,2023-12-02
P000934,long_distance,North,single,2023-06-12
P000935,weekend,East,monthly_pass,2025-05-28
P000936,daily_commuter,North,single,2023-04-13
P000937,long_distance,Airport,single,2024-12-03
P000938,daily_commuter,East,monthly_pass,2023-06-18
P000939,peak_traveller,East,single,2023-07-16
P000940,peak_traveller,Airport,stored_value,2024-04-01
P000941,daily_commuter,North,monthly_pass,2024-04-23
P000942,occasional,Central,monthly_pass,2024-09-14
P000943,peak_traveller,South,monthly_pass,2022-03-15
P000944,peak_traveller,South,single,2022-08-05
P000945,occasional,Airport,stored_value,2024-11-03
P000946,peak_traveller,Central,single,2025-04-09
P000947,occasional,West,stored_value,2024-07-18
P000948,daily_commuter,South,monthly_pass,2024-07-09
P000949,daily_commuter,Airport,monthly_pass,2024-07-12
P000950,occasional,North,monthly_pass,2022-08-21
P000951,weekend,South,stored_value,2025-03-21
P000952,long_distance,South,stored_value,2025-08-24
P000953,daily_commuter,West,stored_value,2024-04-22
P000954,occasional,Central,monthly_pass,2022-01-02
P000955,daily_commuter,Central,monthly_pass,2023-09-09
P000956,long_distance,East,single,2023-12-01
P000957,weekend,West,monthly_pass,2024-03-28
P000958,occasional,Airport,stored_value,2022-05-05
P000959,peak_traveller,West,monthly_pass,2022-01-25
P000960,long_distance,Central,stored_value,2022-01-11
P000961,daily_commuter,Airport,stored_value,2023-01-29
P000962,weekend,North,stored_value,2023-11-17
P000963,daily_commuter,West,stored_value,2022-10-04
P000964,occasional,Airport,single,2022-03-24
P000965,daily_commuter,Airport,stored_value,2023-03-21
P000966,daily_commuter,Airport,stored_value,2023-08-25
P000967,daily_commuter,North,monthly_pass,2022-04-20
P000968,peak_traveller,Central,monthly_pass,2023-11-17
P000969,daily_commuter,East,monthly_pass,2023-01-19
P000970,daily_commuter,Airport,stored_value,2024-11-24
P000971,daily_commuter,Airport,monthly_pass,2022-08-06
P000972,daily_commuter,South,stored_value,2022-12-21
P000973,long_distance,Airport,stored_value,2024-06-22
P000974,peak_traveller,Central,stored_value,2024-02-17
P000975,daily_commuter,East,stored_value,2024-10-04
P000976,occasional,South,monthly_pass,2024-03-19
P000977,occasional,Airport,stored_value,2024-04-02
P000978,occasional,South,monthly_pass,2023-12-19
P000979,daily_commuter,Central,stored_value,2022-07-07
P000980,weekend,Central,monthly_pass,2024-12-20
P000981,daily_commuter,Central,stored_value,2024-08-24
P000982,daily_commuter,North,monthly_pass,2024-02-14
P000983,occasional,South,stored_value,2022-08-23
P000984,daily_commuter,North,single,2022-08-02
P000985,daily_commuter,South,stored_value,2023-12-25
P000986,occasional,Central,stored_value,2023-08-12
P000987,weekend,East,single,2024-01-25
P000988,daily_commuter,East,monthly_pass,2022-06-08
P000989,occasional,East,monthly_pass,2025-06-01
P000990,daily_commuter,Central,monthly_pass,2025-03-31
P000991,peak_traveller,Central,monthly_pass,2025-02-01
P000992,daily_commuter,Central,stored_value,2024-09-25
P000993,long_distance,Airport,single,2024-01-18
P000994,occasional,North,monthly_pass,2025-02-27
P000995,peak_traveller,East,stored_value,2022-06-25
P000996,daily_commuter,West,stored_value,2024-08-13
P000997,weekend,East,single,2023-07-26
P000998,occasional,North,single,2023-10-23
P000999,daily_commuter,North,single,2023-08-21
P001000,weekend,South,stored_value,2024-03-12
