count_id,trip_id,boarded,alighted,peak_load,capacity,occupancy_pct
C0000001,T0000001,87,84,87,60,145.0
C0000002,T0000003,39,39,39,60,64.2
C0000003,T0000005,33,33,33,60,54.4
C0000004,T0000006,36,33,36,60,59.6
C0000005,T0000007,27,26,27,60,45.2
C0000006,T0000008,47,46,47,60,78.5
C0000007,T0000010,39,37,39,60,64.7
C0000008,T0000011,27,26,27,60,45.4
C0000009,T0000012,25,25,25,60,41.3
C0000010,T0000013,49,48,49,60,82.0
C0000011,T0000014,26,26,26,60,42.8
C0000012,T0000015,18,17,18,60,30.4
C0000013,T0000016,60,56,60,60,99.4
C0000014,T0000017,63,62,63,60,104.4
C0000015,T0000018,22,21,22,60,36.4
C0000016,T0000019,32,31,32,32,100.1
C0000017,T0000020,43,42,43,60,71.1
C0000018,T0000021,45,42,45,60,74.3
C0000019,T0000022,44,42,44,60,73.1
C0000020,T0000023,32,31,32,60,52.6
C0000021,T0000024,48,46,48,85,56.3
C0000022,T0000025,20,18,20,60,33.2
C0000023,T0000026,39,38,39,85,46.1
C0000024,T0000027,36,36,36,60,59.4
C0000025,T0000028,17,17,17,60,28.1
C0000026,T0000029,25,24,25,60,41.5
C0000027,T0000030,25,24,25,60,41.1
C0000028,T0000031,15,14,15,32,48.4
C0000029,T0000032,65,62,65,85,76.4
C0000030,T0000033,62,58,62,60,103.6
C0000031,T0000034,53,51,53,60,88.7
C0000032,T0000035,43,42,43,60,71.3
C0000033,T0000036,43,40,43,85,50.7
C0000034,T0000037,67,66,67,60,111.6
C0000035,T0000038,30,29,30,60,50.3
C0000036,T0000039,33,31,33,60,55.4
C0000037,T0000040,36,35,36,60,59.7
C0000038,T0000041,44,43,44,85,51.2
C0000039,T0000042,8,7,8,60,14.1
C0000040,T0000043,84,81,84,85,99.2
C0000041,T0000044,46,45,46,85,53.9
C0000042,T0000045,69,67,69,60,114.8
C0000043,T0000046,15,15,15,32,46.1
C0000044,T0000047,18,17,18,60,29.8
C0000045,T0000048,74,70,74,60,123.8
C0000046,T0000049,22,22,22,85,26.0
C0000047,T0000050,78,75,78,85,91.7
C0000048,T0000051,44,40,44,60,73.3
C0000049,T0000052,54,54,54,60,89.5
C0000050,T0000053,50,48,50,85,58.2
C0000051,T0000054,39,37,39,60,65.3
C0000052,T0000055,23,21,23,32,71.5
C0000053,T0000056,43,43,43,60,72.1
C0000054,T0000057,68,63,68,85,79.5
C0000055,T0000058,22,20,22,32,69.6
C0000056,T0000059,22,21,22,60,36.6
C0000057,T0000060,80,76,80,85,94.1
C0000058,T0000061,43,41,43,60,71.4
C0000059,T0000062,18,18,18,60,29.3
C0000060,T0000063,50,48,50,60,82.5
C0000061,T0000064,26,25,26,60,44.1
C0000062,T0000065,41,38,41,60,67.7
C0000063,T0000066,52,52,52,60,85.9
C0000064,T0000067,59,57,59,85,70.0
C0000065,T0000068,36,35,36,60,59.7
C0000066,T0000069,22,21,22,32,67.5
C0000067,T0000070,33,33,33,32,103.9
C0000068,T0000071,44,41,44,60,73.2
C0000069,T0000072,32,30,32,60,53.7
C0000070,T0000073,47,45,47,60,78.0
C0000071,T0000074,29,28,29,60,47.5
C0000072,T0000075,26,26,26,60,44.1
C0000073,T0000076,60,58,60,60,100.3
C0000074,T0000077,16,15,16,32,50.3
C0000075,T0000078,52,50,52,85,61.7
C0000076,T0000079,44,44,44,60,74.0
C0000077,T0000080,72,71,72,60,119.6
C0000078,T0000081,47,45,47,60,78.1
C0000079,T0000082,19,18,19,32,59.0
C0000080,T0000083,19,18,19,60,31.8
C0000081,T0000084,40,39,40,60,67.1
C0000082,T0000085,25,23,25,60,40.9
C0000083,T0000086,33,32,33,60,55.7
C0000084,T0000087,66,61,66,85,77.3
C0000085,T0000089,44,42,44,60,73.8
C0000086,T0000090,42,40,42,85,50.0
C0000087,T0000091,37,35,37,60,61.0
C0000088,T0000092,22,21,22,60,37.0
C0000089,T0000093,32,32,32,60,53.2
C0000090,T0000094,48,46,48,85,57.0
C0000091,T0000095,61,56,61,60,101.9
C0000092,T0000096,73,72,73,60,121.3
C0000093,T0000097,59,58,59,85,68.9
C0000094,T0000098,12,11,12,60,19.7
C0000095,T0000099,16,15,16,60,27.5
C0000096,T0000100,19,18,19,60,31.4
C0000097,T0000101,58,58,58,60,96.8
C0000098,T0000102,26,26,26,60,44.1
C0000099,T0000103,106,101,106,85,124.8
C0000100,T0000104,65,63,65,60,108.9
C0000101,T0000105,40,38,40,60,67.0
C0000102,T0000106,26,25,26,60,43.1
C0000103,T0000107,25,25,25,60,41.2
C0000104,T0000108,37,37,37,85,43.5
C0000105,T0000109,65,62,65,85,75.9
C0000106,T0000110,40,40,40,60,66.8
C0000107,T0000111,76,70,76,85,89.6
C0000108,T0000112,52,49,52,60,86.7
C0000109,T0000113,41,40,41,32,126.8
C0000110,T0000114,15,15,15,32,45.9
C0000111,T0000115,38,36,38,32,119.2
C0000112,T0000116,24,23,24,60,40.0
C0000113,T0000117,32,31,32,60,53.2
C0000114,T0000118,29,28,29,60,48.3
C0000115,T0000119,23,23,23,60,39.1
C0000116,T0000120,44,41,44,60,74.0
C0000117,T0000121,35,34,35,60,57.9
C0000118,T0000122,14,13,14,32,43.7
C0000119,T0000123,51,47,51,60,85.1
C0000120,T0000124,45,43,45,60,75.6
C0000121,T0000125,118,109,118,85,139.2
C0000122,T0000126,45,45,45,60,75.0
C0000123,T0000127,15,15,15,60,24.6
C0000124,T0000129,25,25,25,60,41.8
C0000125,T0000130,17,16,17,60,29.0
C0000126,T0000131,40,39,40,60,66.8
C0000127,T0000132,48,46,48,60,80.1
C0000128,T0000133,33,32,33,32,104.2
C0000129,T0000134,71,66,71,60,118.1
C0000130,T0000135,66,62,66,60,109.4
C0000131,T0000136,26,24,26,60,43.2
C0000132,T0000137,35,34,35,60,57.8
C0000133,T0000138,49,48,49,60,82.1
C0000134,T0000139,16,15,16,85,18.7
C0000135,T0000140,28,27,28,60,46.8
C0000136,T0000141,23,22,23,60,39.0
C0000137,T0000142,27,26,27,60,44.4
C0000138,T0000143,23,22,23,60,38.9
C0000139,T0000144,61,60,61,85,72.2
C0000140,T0000145,14,13,14,60,23.5
C0000141,T0000146,47,46,47,85,55.0
C0000142,T0000147,79,74,79,60,132.2
C0000143,T0000148,57,55,57,60,94.5
C0000144,T0000149,21,20,21,32,66.8
C0000145,T0000150,23,21,23,32,70.7
C0000146,T0000151,78,78,78,60,129.5
C0000147,T0000152,34,32,34,32,106.6
C0000148,T0000153,63,60,63,60,105.5
C0000149,T0000154,10,10,10,32,30.1
C0000150,T0000155,32,31,32,60,53.1
C0000151,T0000156,64,63,64,60,106.6
C0000152,T0000157,34,33,34,60,57.4
C0000153,T0000158,34,32,34,85,39.9
C0000154,T0000159,77,77,77,85,90.3
C0000155,T0000160,44,43,44,60,73.5
C0000156,T0000161,29,29,29,60,48.1
C0000157,T0000162,25,25,25,60,40.8
C0000158,T0000163,24,24,24,60,40.1
C0000159,T0000164,54,54,54,60,89.2
C0000160,T0000165,50,50,50,60,83.1
C0000161,T0000166,49,46,49,60,82.5
C0000162,T0000167,49,47,49,60,82.1
C0000163,T0000168,46,45,46,85,53.9
C0000164,T0000169,35,34,35,60,57.9
C0000165,T0000170,36,36,36,60,60.6
C0000166,T0000171,26,25,26,60,43.5
C0000167,T0000172,26,26,26,60,43.2
C0000168,T0000173,29,29,29,85,34.0
C0000169,T0000174,28,27,28,32,86.6
C0000170,T0000175,41,38,41,60,68.5
C0000171,T0000176,32,31,32,32,101.1
C0000172,T0000177,39,39,39,60,65.2
C0000173,T0000178,34,32,34,60,56.7
C0000174,T0000179,38,38,38,32,119.4
C0000175,T0000180,24,22,24,60,39.7
C0000176,T0000181,13,13,13,60,21.0
C0000177,T0000182,36,35,36,60,60.1
C0000178,T0000183,35,33,35,85,40.8
C0000179,T0000184,31,29,31,85,36.5
C0000180,T0000185,32,32,32,85,38.0
C0000181,T0000186,18,17,18,60,30.3
C0000182,T0000187,79,77,79,85,93.1
C0000183,T0000188,42,41,42,60,70.4
C0000184,T0000189,27,27,27,85,32.1
C0000185,T0000190,32,30,32,60,53.1
C0000186,T0000191,32,30,32,60,52.9
C0000187,T0000192,23,23,23,60,38.7
C0000188,T0000193,17,17,17,32,52.0
C0000189,T0000194,22,21,22,85,26.0
C0000190,T0000195,21,20,21,60,34.9
C0000191,T0000196,36,35,36,60,59.4
C0000192,T0000197,61,58,61,60,102.3
C0000193,T0000198,55,52,55,60,91.6
C0000194,T0000199,40,40,40,60,66.3
C0000195,T0000200,34,32,34,60,56.2
C0000196,T0000201,30,30,30,60,49.3
C0000197,T0000202,55,51,55,85,65.2
C0000198,T0000203,44,42,44,60,74.0
C0000199,T0000204,33,31,33,60,55.0
C0000200,T0000205,33,32,33,32,104.6
C0000201,T0000206,31,30,31,60,52.1
C0000202,T0000207,46,45,46,85,54.5
C0000203,T0000208,37,35,37,60,61.8
C0000204,T0000209,10,9,10,32,30.3
C0000205,T0000210,60,57,60,60,100.4
C0000206,T0000211,62,59,62,85,72.9
C0000207,T0000212,48,46,48,60,79.4
C0000208,T0000213,42,40,42,60,69.5
C0000209,T0000214,100,98,100,85,118.1
C0000210,T0000215,28,28,28,60,47.0
C0000211,T0000216,23,22,23,60,38.6
C0000212,T0000217,26,24,26,85,30.5
C0000213,T0000218,24,24,24,60,40.5
C0000214,T0000219,44,44,44,60,73.7
C0000215,T0000220,76,74,76,60,126.0
C0000216,T0000221,32,30,32,60,52.9
C0000217,T0000222,78,76,78,85,92.2
C0000218,T0000223,16,15,16,32,49.6
C0000219,T0000224,12,12,12,32,38.9
C0000220,T0000225,39,36,39,60,65.8
C0000221,T0000226,22,21,22,60,36.4
C0000222,T0000227,24,23,24,60,39.3
C0000223,T0000228,46,44,46,60,76.8
C0000224,T0000229,43,41,43,60,71.4
C0000225,T0000230,90,87,90,85,105.9
C0000226,T0000231,28,27,28,60,47.2
C0000227,T0000232,78,77,78,60,130.5
C0000228,T0000233,104,98,104,85,122.7
C0000229,T0000234,63,63,63,60,104.6
C0000230,T0000235,27,27,27,60,45.2
C0000231,T0000236,68,65,68,60,113.7
C0000232,T0000237,63,62,63,60,105.0
C0000233,T0000238,32,30,32,32,100.2
C0000234,T0000239,23,22,23,85,27.6
C0000235,T0000240,53,49,53,60,88.0
C0000236,T0000241,59,59,59,60,98.0
C0000237,T0000242,43,42,43,60,71.1
C0000238,T0000243,43,42,43,60,71.9
C0000239,T0000244,41,39,41,60,68.8
C0000240,T0000245,71,67,71,60,117.9
C0000241,T0000246,16,15,16,60,26.0
C0000242,T0000247,80,75,80,85,94.5
C0000243,T0000248,66,64,66,60,109.3
C0000244,T0000249,38,37,38,60,63.6
C0000245,T0000250,8,8,8,32,24.9
C0000246,T0000251,31,29,31,60,52.4
C0000247,T0000252,51,48,51,60,84.9
C0000248,T0000253,18,18,18,60,30.3
C0000249,T0000254,87,80,87,85,102.3
C0000250,T0000255,36,36,36,32,113.0
C0000251,T0000256,87,86,87,85,102.2
C0000252,T0000257,64,62,64,60,106.2
C0000253,T0000258,54,50,54,85,63.2
C0000254,T0000259,76,74,76,60,127.2
C0000255,T0000260,24,24,24,32,74.8
C0000256,T0000261,41,40,41,60,67.6
C0000257,T0000262,11,11,11,32,34.1
C0000258,T0000263,40,37,40,85,47.3
C0000259,T0000264,37,36,37,60,60.9
C0000260,T0000265,95,91,95,85,111.9
C0000261,T0000266,24,24,24,60,39.7
C0000262,T0000267,8,8,8,60,13.4
C0000263,T0000268,26,26,26,60,42.9
C0000264,T0000269,35,34,35,60,59.0
C0000265,T0000270,26,24,26,60,43.1
C0000266,T0000271,32,30,32,85,37.4
C0000267,T0000272,43,40,43,60,71.2
C0000268,T0000273,47,46,47,60,78.2
C0000269,T0000274,58,57,58,60,97.1
C0000270,T0000275,30,29,30,60,50.6
C0000271,T0000276,28,26,28,60,46.5
C0000272,T0000277,24,23,24,32,75.5
C0000273,T0000278,23,21,23,60,39.1
C0000274,T0000279,24,23,24,32,75.4
C0000275,T0000280,35,35,35,32,107.9
C0000276,T0000281,71,68,71,85,84.0
C0000277,T0000282,30,29,30,60,50.1
C0000278,T0000283,25,25,25,32,78.8
C0000279,T0000284,62,62,62,60,104.1
C0000280,T0000285,23,22,23,32,71.5
C0000281,T0000286,38,36,38,60,63.7
C0000282,T0000287,63,61,63,60,105.3
C0000283,T0000288,56,55,56,60,92.7
C0000284,T0000289,63,58,63,85,74.3
C0000285,T0000290,22,21,22,32,68.3
C0000286,T0000291,37,37,37,60,62.4
C0000287,T0000292,43,41,43,85,50.2
C0000288,T0000293,46,44,46,32,145.0
C0000289,T0000294,73,72,73,60,122.0
C0000290,T0000295,13,12,13,32,40.1
C0000291,T0000296,24,23,24,32,75.9
C0000292,T0000297,48,46,48,60,80.1
C0000293,T0000298,21,19,21,60,34.6
C0000294,T0000299,22,21,22,60,37.1
C0000295,T0000300,21,19,21,60,35.6
C0000296,T0000301,82,76,82,60,136.0
C0000297,T0000302,85,84,85,85,99.4
C0000298,T0000303,46,46,46,60,76.3
C0000299,T0000304,12,11,12,32,36.2
C0000300,T0000305,74,71,74,60,123.3
C0000301,T0000306,78,77,78,85,91.8
C0000302,T0000307,53,52,53,60,88.6
C0000303,T0000308,55,51,55,85,64.9
C0000304,T0000309,14,13,14,32,43.6
C0000305,T0000310,23,22,23,32,70.4
C0000306,T0000311,27,26,27,60,45.0
C0000307,T0000312,31,29,31,60,51.7
C0000308,T0000313,85,81,85,60,141.0
C0000309,T0000314,37,37,37,60,62.5
C0000310,T0000315,43,41,43,32,134.9
C0000311,T0000316,22,20,22,32,68.5
C0000312,T0000317,70,65,70,85,82.0
C0000313,T0000318,78,77,78,60,129.8
C0000314,T0000319,36,34,36,60,59.6
C0000315,T0000320,27,26,27,32,84.9
C0000316,T0000321,41,39,41,85,48.8
C0000317,T0000322,31,30,31,32,95.9
C0000318,T0000323,58,55,58,60,97.3
C0000319,T0000324,27,26,27,60,44.5
C0000320,T0000325,31,29,31,60,51.0
C0000321,T0000326,37,36,37,85,43.0
C0000322,T0000327,36,34,36,60,59.6
C0000323,T0000328,39,39,39,32,121.5
C0000324,T0000329,57,54,57,85,66.6
C0000325,T0000330,69,64,69,60,114.4
C0000326,T0000331,48,48,48,60,79.5
C0000327,T0000332,60,58,60,60,99.3
C0000328,T0000333,40,39,40,60,67.0
C0000329,T0000334,28,26,28,60,47.2
C0000330,T0000335,26,24,26,85,31.0
C0000331,T0000336,38,37,38,60,64.1
C0000332,T0000337,31,31,31,60,51.4
C0000333,T0000338,34,33,34,60,57.2
C0000334,T0000340,28,27,28,60,46.5
C0000335,T0000341,50,47,50,60,83.8
C0000336,T0000342,76,74,76,60,127.1
C0000337,T0000343,40,40,40,60,67.0
C0000338,T0000344,34,33,34,60,56.5
C0000339,T0000345,46,44,46,60,77.1
C0000340,T0000346,34,33,34,32,107.0
C0000341,T0000347,52,52,52,60,86.2
C0000342,T0000348,19,19,19,85,22.4
C0000343,T0000349,17,17,17,60,27.6
C0000344,T0000350,17,16,17,85,19.6
C0000345,T0000351,57,53,57,60,95.2
C0000346,T0000352,38,38,38,60,62.8
C0000347,T0000353,23,22,23,60,38.3
C0000348,T0000354,71,66,71,85,83.3
C0000349,T0000355,41,39,41,60,68.7
C0000350,T0000356,49,49,49,60,81.9
C0000351,T0000357,31,29,31,60,51.1
C0000352,T0000358,22,22,22,60,37.5
C0000353,T0000359,53,50,53,60,87.6
C0000354,T0000360,30,28,30,32,93.1
C0000355,T0000361,28,28,28,60,47.4
C0000356,T0000362,25,25,25,60,42.4
C0000357,T0000363,34,32,34,60,57.5
C0000358,T0000364,29,28,29,60,48.7
C0000359,T0000365,51,49,51,85,59.6
C0000360,T0000366,32,31,32,60,52.8
C0000361,T0000367,31,31,31,60,51.7
C0000362,T0000368,39,38,39,85,46.4
C0000363,T0000369,26,25,26,60,43.6
C0000364,T0000370,47,47,47,60,78.0
C0000365,T0000371,22,21,22,32,68.5
C0000366,T0000372,5,5,5,32,15.2
C0000367,T0000373,44,44,44,60,73.2
C0000368,T0000374,35,33,35,60,57.8
C0000369,T0000375,25,25,25,60,41.4
C0000370,T0000376,27,26,27,60,44.3
C0000371,T0000377,33,31,33,60,54.3
C0000372,T0000378,16,15,16,32,51.3
C0000373,T0000379,74,70,74,85,86.5
C0000374,T0000380,26,25,26,32,82.3
C0000375,T0000381,56,56,56,85,65.3
C0000376,T0000382,15,14,15,32,45.7
C0000377,T0000383,39,38,39,60,65.1
C0000378,T0000384,19,18,19,60,31.5
C0000379,T0000385,19,18,19,60,31.7
C0000380,T0000386,43,40,43,60,71.7
C0000381,T0000387,43,40,43,60,71.1
C0000382,T0000388,30,29,30,60,49.3
C0000383,T0000389,45,43,45,60,75.6
C0000384,T0000390,42,41,42,60,69.8
C0000385,T0000391,8,8,8,32,23.8
C0000386,T0000392,13,13,13,60,22.4
C0000387,T0000393,33,31,33,60,54.8
C0000388,T0000394,21,20,21,60,34.3
C0000389,T0000395,33,31,33,60,54.5
C0000390,T0000396,30,28,30,60,49.6
C0000391,T0000397,32,30,32,60,53.1
C0000392,T0000398,27,27,27,60,45.1
C0000393,T0000399,15,14,15,32,47.6
C0000394,T0000400,32,31,32,60,53.8
C0000395,T0000401,48,46,48,60,80.2
C0000396,T0000402,33,31,33,60,54.5
C0000397,T0000403,14,13,14,32,42.6
C0000398,T0000404,56,52,56,85,66.1
C0000399,T0000405,43,40,43,60,71.9
C0000400,T0000406,58,57,58,60,97.5
C0000401,T0000407,35,35,35,60,59.1
C0000402,T0000408,78,78,78,60,130.6
C0000403,T0000409,34,33,34,60,56.2
C0000404,T0000410,28,27,28,60,47.0
C0000405,T0000411,28,27,28,85,32.8
C0000406,T0000412,12,12,12,60,20.1
C0000407,T0000413,20,20,20,60,32.7
C0000408,T0000414,42,40,42,60,70.4
C0000409,T0000415,62,59,62,60,103.6
C0000410,T0000416,21,21,21,60,35.8
C0000411,T0000417,45,44,45,60,74.8
C0000412,T0000418,40,37,40,60,66.2
C0000413,T0000419,32,31,32,32,101.4
C0000414,T0000420,79,77,79,60,132.3
C0000415,T0000421,24,22,24,32,76.5
C0000416,T0000422,23,22,23,60,38.3
C0000417,T0000423,30,29,30,60,49.7
C0000418,T0000424,34,32,34,60,56.7
C0000419,T0000425,16,15,16,32,49.3
C0000420,T0000426,76,74,76,60,127.2
C0000421,T0000427,44,41,44,60,72.8
C0000422,T0000428,50,48,50,60,83.7
C0000423,T0000429,47,45,47,60,77.9
C0000424,T0000430,39,36,39,60,65.3
C0000425,T0000431,43,40,43,32,135.7
C0000426,T0000432,45,45,45,60,75.8
C0000427,T0000433,15,14,15,32,46.8
C0000428,T0000434,47,45,47,60,78.3
C0000429,T0000435,41,39,41,60,68.0
C0000430,T0000436,56,55,56,60,94.2
C0000431,T0000437,3,3,3,85,3.0
C0000432,T0000438,16,15,16,85,19.2
C0000433,T0000439,16,15,16,60,26.0
C0000434,T0000440,16,16,16,60,26.0
C0000435,T0000441,65,60,65,60,108.1
C0000436,T0000442,20,19,20,32,63.4
C0000437,T0000443,33,31,33,60,55.3
C0000438,T0000444,33,32,33,60,54.7
C0000439,T0000445,57,54,57,60,95.3
C0000440,T0000446,49,46,49,60,82.3
C0000441,T0000447,60,58,60,60,99.5
C0000442,T0000448,61,57,61,60,102.3
C0000443,T0000449,13,13,13,32,42.0
C0000444,T0000450,41,38,41,60,68.1
C0000445,T0000451,59,58,59,60,98.0
C0000446,T0000452,55,53,55,85,65.0
C0000447,T0000453,57,56,57,60,95.6
C0000448,T0000454,62,60,62,85,73.1
C0000449,T0000455,54,54,54,60,90.6
C0000450,T0000456,42,42,42,85,49.9
C0000451,T0000457,18,17,18,60,29.8
C0000452,T0000458,14,13,14,32,45.3
C0000453,T0000459,50,48,50,85,59.3
C0000454,T0000460,34,32,34,60,57.3
C0000455,T0000461,31,29,31,60,52.2
C0000456,T0000462,56,55,56,60,93.8
C0000457,T0000463,96,95,96,85,113.4
C0000458,T0000464,41,40,41,60,68.3
C0000459,T0000465,23,22,23,32,71.9
C0000460,T0000466,64,63,64,85,74.8
C0000461,T0000467,32,32,32,60,53.1
C0000462,T0000468,29,27,29,60,48.2
C0000463,T0000469,31,30,31,60,51.3
C0000464,T0000470,17,16,17,60,28.6
C0000465,T0000471,33,33,33,60,54.7
C0000466,T0000472,75,70,75,85,87.7
C0000467,T0000473,16,15,16,32,49.3
C0000468,T0000474,47,45,47,60,78.4
C0000469,T0000475,45,42,45,60,74.3
C0000470,T0000476,10,9,10,32,30.4
C0000471,T0000477,40,39,40,60,67.3
C0000472,T0000478,52,50,52,85,61.5
C0000473,T0000479,30,29,30,60,50.6
C0000474,T0000480,47,47,47,85,54.8
C0000475,T0000481,50,50,50,60,83.1
C0000476,T0000482,26,24,26,60,43.1
C0000477,T0000483,33,32,33,60,55.1
C0000478,T0000484,20,19,20,32,63.7
C0000479,T0000485,64,59,64,60,106.9
C0000480,T0000486,18,17,18,32,57.3
C0000481,T0000487,59,55,59,60,99.1
C0000482,T0000488,49,48,49,60,82.1
C0000483,T0000489,60,58,60,60,100.0
C0000484,T0000490,48,47,48,85,56.7
C0000485,T0000491,22,21,22,60,36.7
C0000486,T0000492,64,61,64,85,75.0
C0000487,T0000493,87,82,87,60,145.0
C0000488,T0000494,24,23,24,32,75.6
C0000489,T0000495,45,44,45,60,75.6
C0000490,T0000496,63,60,63,85,74.3
C0000491,T0000498,41,39,41,32,128.0
C0000492,T0000499,78,72,78,60,130.2
C0000493,T0000500,20,18,20,60,33.3
C0000494,T0000501,30,29,30,60,50.0
C0000495,T0000502,10,10,10,32,30.5
C0000496,T0000503,25,24,25,60,41.4
C0000497,T0000504,55,51,55,60,91.9
C0000498,T0000505,26,25,26,60,43.6
C0000499,T0000506,40,37,40,60,67.1
C0000500,T0000507,36,36,36,60,59.4
C0000501,T0000508,33,31,33,32,102.6
C0000502,T0000509,50,47,50,60,83.6
C0000503,T0000510,67,66,67,85,78.9
C0000504,T0000511,29,28,29,60,48.1
C0000505,T0000512,34,32,34,85,40.3
C0000506,T0000513,27,25,27,60,44.2
C0000507,T0000514,29,28,29,85,34.1
C0000508,T0000515,42,39,42,60,70.0
C0000509,T0000516,15,15,15,60,25.3
C0000510,T0000517,44,43,44,60,73.8
C0000511,T0000518,63,59,63,60,104.7
C0000512,T0000519,35,33,35,60,58.8
C0000513,T0000520,71,71,71,85,83.7
C0000514,T0000521,56,55,56,60,93.9
C0000515,T0000522,51,48,51,60,85.6
C0000516,T0000523,12,12,12,32,36.1
C0000517,T0000524,51,47,51,60,84.4
C0000518,T0000525,49,47,49,60,81.8
C0000519,T0000526,40,39,40,60,67.5
C0000520,T0000527,47,45,47,60,78.2
C0000521,T0000528,30,29,30,60,50.3
C0000522,T0000529,49,47,49,85,58.1
C0000523,T0000530,25,25,25,60,42.3
C0000524,T0000531,27,25,27,60,44.5
C0000525,T0000532,52,50,52,85,60.9
C0000526,T0000533,16,16,16,60,27.4
C0000527,T0000534,14,13,14,60,22.6
C0000528,T0000535,53,49,53,60,87.6
C0000529,T0000536,57,54,57,60,94.7
C0000530,T0000537,22,20,22,32,68.1
C0000531,T0000538,32,30,32,60,54.0
C0000532,T0000539,10,9,10,32,29.7
C0000533,T0000540,84,81,84,85,99.4
C0000534,T0000541,51,47,51,85,60.4
C0000535,T0000542,44,41,44,60,73.4
C0000536,T0000543,18,18,18,60,30.7
C0000537,T0000544,55,52,55,85,64.7
C0000538,T0000545,51,50,51,60,84.8
C0000539,T0000546,40,40,40,60,67.3
C0000540,T0000547,31,30,31,85,36.8
C0000541,T0000548,24,22,24,60,39.4
C0000542,T0000549,25,24,25,60,41.2
C0000543,T0000550,24,24,24,60,40.4
C0000544,T0000551,12,11,12,60,20.5
C0000545,T0000552,32,30,32,60,52.5
C0000546,T0000553,52,49,52,60,86.2
C0000547,T0000554,55,52,55,85,64.8
C0000548,T0000555,66,64,66,60,110.3
C0000549,T0000556,23,22,23,60,37.8
C0000550,T0000557,51,50,51,60,85.6
C0000551,T0000558,59,57,59,60,97.8
C0000552,T0000559,19,18,19,60,32.0
C0000553,T0000560,26,26,26,60,43.6
C0000554,T0000561,25,25,25,60,41.5
C0000555,T0000562,64,63,64,60,107.1
C0000556,T0000563,7,7,7,60,11.1
C0000557,T0000564,21,20,21,60,35.5
C0000558,T0000565,53,52,53,60,88.0
C0000559,T0000566,55,52,55,85,64.7
C0000560,T0000567,62,59,62,60,103.1
C0000561,T0000568,30,30,30,60,49.4
C0000562,T0000569,33,32,33,60,55.8
C0000563,T0000570,34,33,34,60,56.9
C0000564,T0000571,39,38,39,60,64.8
C0000565,T0000572,23,23,23,32,70.4
C0000566,T0000573,43,40,43,60,71.7
C0000567,T0000574,33,32,33,60,54.5
C0000568,T0000575,54,50,54,60,89.9
C0000569,T0000576,35,34,35,60,57.9
C0000570,T0000577,33,33,33,60,54.4
C0000571,T0000578,82,81,82,60,137.4
C0000572,T0000579,54,54,54,60,89.8
C0000573,T0000580,21,20,21,60,35.1
C0000574,T0000581,23,23,23,60,38.6
C0000575,T0000582,28,27,28,60,47.4
C0000576,T0000584,28,28,28,60,46.0
C0000577,T0000585,37,34,37,60,62.4
C0000578,T0000586,45,43,45,60,75.0
C0000579,T0000587,95,93,95,85,111.7
C0000580,T0000588,24,22,24,32,73.6
C0000581,T0000589,58,57,58,60,96.1
C0000582,T0000590,43,42,43,60,71.1
C0000583,T0000591,43,43,43,60,71.8
C0000584,T0000592,24,23,24,60,39.5
C0000585,T0000593,33,31,33,85,38.5
C0000586,T0000594,24,23,24,85,28.2
C0000587,T0000595,61,57,61,60,101.2
C0000588,T0000596,12,11,12,32,37.4
C0000589,T0000597,18,18,18,60,29.6
C0000590,T0000598,41,40,41,85,48.6
C0000591,T0000599,65,62,65,85,76.1
C0000592,T0000600,30,30,30,60,49.5
C0000593,T0000601,34,32,34,60,56.8
C0000594,T0000602,46,45,46,60,77.4
C0000595,T0000603,43,41,43,60,71.2
C0000596,T0000604,52,48,52,60,86.6
C0000597,T0000605,66,61,66,85,77.4
C0000598,T0000606,38,35,38,85,45.0
C0000599,T0000607,18,17,18,60,29.7
C0000600,T0000608,44,42,44,85,51.6
C0000601,T0000609,36,33,36,32,113.4
C0000602,T0000610,41,38,41,60,69.0
C0000603,T0000611,70,65,70,85,82.9
C0000604,T0000612,47,47,47,60,77.8
C0000605,T0000613,33,33,33,60,54.7
C0000606,T0000614,70,69,70,60,116.5
C0000607,T0000615,25,23,25,60,41.7
C0000608,T0000616,21,21,21,60,35.3
C0000609,T0000617,20,20,20,32,62.7
C0000610,T0000618,26,26,26,60,43.7
C0000611,T0000619,23,21,23,60,38.9
C0000612,T0000621,26,25,26,60,43.8
C0000613,T0000622,87,87,87,85,102.1
C0000614,T0000623,20,19,20,60,32.8
C0000615,T0000624,70,67,70,60,116.3
C0000616,T0000625,68,65,68,85,79.4
C0000617,T0000626,34,34,34,60,56.7
C0000618,T0000627,35,33,35,60,59.1
C0000619,T0000628,55,55,55,60,91.3
C0000620,T0000629,53,50,53,60,88.4
C0000621,T0000630,92,88,92,85,108.6
C0000622,T0000631,28,26,28,60,46.9
C0000623,T0000632,36,34,36,60,59.2
C0000624,T0000633,23,22,23,60,37.6
C0000625,T0000634,22,22,22,60,36.7
C0000626,T0000635,40,39,40,85,47.4
C0000627,T0000636,23,21,23,60,39.2
C0000628,T0000637,28,27,28,60,47.1
C0000629,T0000638,31,30,31,60,52.2
C0000630,T0000639,51,48,51,85,60.1
C0000631,T0000640,41,40,41,32,129.5
C0000632,T0000641,80,79,80,85,94.3
C0000633,T0000642,30,28,30,60,49.8
C0000634,T0000643,74,71,74,60,124.0
C0000635,T0000644,35,33,35,60,58.9
C0000636,T0000645,41,39,41,60,69.0
C0000637,T0000646,42,40,42,60,70.3
C0000638,T0000647,30,29,30,60,50.0
C0000639,T0000648,55,53,55,60,91.8
C0000640,T0000649,23,23,23,32,73.1
C0000641,T0000650,62,62,62,85,73.0
C0000642,T0000651,50,48,50,60,84.1
C0000643,T0000652,33,31,33,60,54.6
C0000644,T0000653,57,55,57,60,94.8
C0000645,T0000654,15,14,15,32,47.0
C0000646,T0000655,14,14,14,32,44.4
C0000647,T0000656,27,26,27,60,44.6
C0000648,T0000657,19,19,19,60,32.0
C0000649,T0000658,22,21,22,32,67.5
C0000650,T0000659,14,14,14,60,22.8
C0000651,T0000660,48,48,48,85,56.6
C0000652,T0000661,61,58,61,60,101.0
C0000653,T0000662,42,42,42,60,70.3
C0000654,T0000663,44,44,44,85,51.9
C0000655,T0000664,79,76,79,60,132.0
C0000656,T0000665,74,70,74,60,122.5
C0000657,T0000666,26,26,26,60,42.6
C0000658,T0000667,57,54,57,60,94.3
C0000659,T0000668,86,83,86,60,143.5
C0000660,T0000669,27,25,27,32,83.3
C0000661,T0000670,44,43,44,60,72.6
C0000662,T0000671,23,22,23,32,71.3
C0000663,T0000672,87,83,87,85,102.6
C0000664,T0000673,26,26,26,32,80.6
C0000665,T0000674,23,22,23,60,37.7
C0000666,T0000675,43,40,43,60,72.2
C0000667,T0000676,43,41,43,60,72.5
C0000668,T0000677,116,108,116,85,136.5
C0000669,T0000678,38,37,38,32,119.0
C0000670,T0000679,55,55,55,60,91.5
C0000671,T0000680,102,101,102,85,120.1
C0000672,T0000681,15,15,15,32,45.5
C0000673,T0000682,87,81,87,60,145.0
C0000674,T0000683,49,49,49,60,81.4
C0000675,T0000684,28,27,28,60,46.2
C0000676,T0000685,64,63,64,60,106.9
C0000677,T0000686,65,62,65,60,108.3
C0000678,T0000687,-53,50,53,60,89.0
C0000679,T0000688,39,36,39,60,65.4
C0000680,T0000689,26,24,26,60,43.4
C0000681,T0000690,42,40,42,60,70.4
C0000682,T0000691,29,27,29,32,89.7
C0000683,T0000692,63,61,63,60,104.9
C0000684,T0000693,14,14,14,32,45.3
C0000685,T0000694,81,78,81,85,95.8
C0000686,T0000695,20,19,20,32,61.6
C0000687,T0000696,65,63,65,60,109.0
C0000688,T0000697,87,80,87,60,145.0
C0000689,T0000698,84,78,84,85,99.0
C0000690,T0000699,60,59,60,60,100.3
C0000691,T0000700,61,60,61,85,71.7
C0000692,T0000701,42,42,42,32,129.7
C0000693,T0000702,44,43,44,85,52.1
C0000694,T0000703,57,54,57,60,95.5
C0000695,T0000704,38,38,38,60,63.8
C0000696,T0000705,85,85,85,60,141.7
C0000697,T0000706,101,99,101,85,118.7
C0000698,T0000707,57,57,57,60,94.4
C0000699,T0000708,28,26,28,32,88.1
C0000700,T0000709,35,35,35,32,108.9
C0000701,T0000710,33,30,33,60,55.1
C0000702,T0000711,45,45,45,60,75.0
C0000703,T0000712,51,49,51,60,85.8
C0000704,T0000713,36,35,36,85,42.4
C0000705,T0000714,19,18,19,60,32.0
C0000706,T0000715,43,43,43,60,72.1
C0000707,T0000716,22,22,22,60,36.9
C0000708,T0000717,31,30,31,60,51.4
C0000709,T0000718,51,47,51,60,84.5
C0000710,T0000719,22,20,22,85,25.9
C0000711,T0000720,54,50,54,85,63.3
C0000712,T0000721,29,27,29,60,48.7
C0000713,T0000722,25,25,25,60,41.1
C0000714,T0000723,65,65,65,85,76.4
C0000715,T0000724,48,45,48,85,56.9
C0000716,T0000725,16,16,16,32,51.2
C0000717,T0000726,31,30,31,60,51.2
C0000718,T0000727,30,29,30,60,50.1
C0000719,T0000728,23,23,23,60,38.7
C0000720,T0000729,24,23,24,60,39.7
C0000721,T0000730,16,15,16,60,26.4
C0000722,T0000731,9,9,9,60,14.4
C0000723,T0000732,30,29,30,60,49.5
C0000724,T0000733,29,29,29,60,47.9
C0000725,T0000734,31,29,31,85,36.9
C0000726,T0000735,28,27,28,60,46.2
C0000727,T0000736,20,19,20,32,63.5
C0000728,T0000737,28,27,28,60,47.0
C0000729,T0000738,31,30,31,60,51.8
C0000730,T0000739,19,19,19,32,59.9
C0000731,T0000740,43,42,43,60,72.2
C0000732,T0000741,101,94,101,85,119.0
C0000733,T0000742,87,87,87,60,145.0
C0000734,T0000743,67,65,67,60,111.6
C0000735,T0000744,63,61,63,60,104.3
C0000736,T0000745,87,81,87,60,145.0
C0000737,T0000746,42,41,42,85,49.1
C0000738,T0000747,99,96,99,85,116.9
C0000739,T0000748,58,54,58,60,97.5
C0000740,T0000749,45,42,45,60,75.4
C0000741,T0000750,55,55,55,60,91.5
C0000742,T0000751,40,39,40,60,66.9
C0000743,T0000753,32,31,32,60,53.7
C0000744,T0000754,53,52,53,60,88.6
C0000745,T0000755,19,18,19,32,58.9
C0000746,T0000756,115,114,115,85,135.0
C0000747,T0000757,71,66,71,60,118.1
C0000748,T0000759,121,115,121,85,142.3
C0000749,T0000760,63,60,63,85,73.8
C0000750,T0000761,57,53,57,60,94.3
C0000751,T0000762,87,83,87,60,145.0
C0000752,T0000763,81,80,81,60,134.2
C0000753,T0000764,80,79,80,85,93.9
C0000754,T0000765,34,33,34,60,57.3
C0000755,T0000766,83,82,83,60,137.8
C0000756,T0000767,79,75,79,85,93.3
C0000757,T0000768,46,44,46,60,77.5
C0000758,T0000769,101,97,101,85,118.4
C0000759,T0000770,17,16,17,32,52.4
C0000760,T0000771,17,16,17,32,51.7
C0000761,T0000772,47,44,47,60,77.8
C0000762,T0000773,61,61,61,60,101.0
C0000763,T0000774,39,37,39,60,65.0
C0000764,T0000775,38,36,38,60,63.4
C0000765,T0000776,89,83,89,85,104.8
C0000766,T0000777,56,52,56,60,94.0
C0000767,T0000778,32,31,32,32,101.4
C0000768,T0000779,45,42,45,60,75.5
C0000769,T0000780,45,44,45,85,53.0
C0000770,T0000781,71,70,71,85,83.9
C0000771,T0000782,48,47,48,60,80.2
C0000772,T0000783,16,16,16,60,26.7
C0000773,T0000784,67,66,67,60,112.1
C0000774,T0000785,59,59,59,60,98.8
C0000775,T0000786,58,55,58,60,97.3
C0000776,T0000787,60,58,60,85,70.2
C0000777,T0000788,18,17,18,32,55.2
C0000778,T0000789,55,52,55,60,91.1
C0000779,T0000790,34,33,34,60,56.4
C0000780,T0000791,61,60,61,60,102.2
C0000781,T0000792,45,44,45,60,75.8
C0000782,T0000793,73,71,73,60,121.3
C0000783,T0000794,66,63,66,60,110.8
C0000784,T0000795,53,51,53,60,88.3
C0000785,T0000796,64,63,64,60,107.5
C0000786,T0000797,65,62,65,60,108.1
C0000787,T0000798,46,44,46,60,77.3
C0000788,T0000799,79,74,79,60,131.3
C0000789,T0000800,65,63,65,60,109.1
C0000790,T0000801,87,84,87,60,145.0
C0000791,T0000802,30,28,30,60,49.9
C0000792,T0000803,74,72,74,60,123.1
C0000793,T0000804,79,79,79,60,130.8
C0000794,T0000805,109,101,109,85,128.5
C0000795,T0000806,80,80,80,60,132.7
C0000796,T0000807,59,57,59,85,68.9
C0000797,T0000808,99,96,99,85,116.9
C0000798,T0000809,39,38,39,60,65.1
C0000799,T0000810,40,38,40,60,66.4
C0000800,T0000811,23,21,23,32,72.8
C0000801,T0000812,59,55,59,60,98.1
C0000802,T0000813,65,62,65,60,108.9
C0000803,T0000814,52,51,52,85,61.4
C0000804,T0000815,40,37,40,60,66.3
C0000805,T0000816,123,121,123,85,145.0
C0000806,T0000817,30,29,30,32,95.2
C0000807,T0000818,35,35,35,32,108.0
C0000808,T0000819,78,77,78,60,130.4
C0000809,T0000820,69,67,69,85,81.5
C0000810,T0000821,37,36,37,60,62.2
C0000811,T0000822,19,18,19,32,60.6
C0000812,T0000823,33,31,33,60,55.1
C0000813,T0000824,16,16,16,60,26.3
C0000814,T0000825,34,33,34,60,57.1
C0000815,T0000826,33,32,33,60,54.2
C0000816,T0000827,30,28,30,60,50.6
C0000817,T0000828,38,35,38,60,63.2
C0000818,T0000829,26,25,26,60,43.0
C0000819,T0000830,33,32,33,85,38.4
C0000820,T0000831,18,17,18,85,21.6
C0000821,T0000832,43,41,43,85,50.2
C0000822,T0000833,39,39,39,60,64.2
C0000823,T0000834,16,15,16,32,49.7
C0000824,T0000835,40,38,40,60,67.3
C0000825,T0000836,48,47,48,60,80.4
C0000826,T0000837,31,30,31,60,52.1
C0000827,T0000838,12,12,12,32,38.8
C0000828,T0000839,56,53,56,85,65.7
C0000829,T0000840,21,19,21,60,35.8
C0000830,T0000841,25,24,25,32,77.4
C0000831,T0000842,71,70,71,85,83.1
C0000832,T0000843,89,82,89,85,104.8
C0000833,T0000844,41,40,41,32,127.0
C0000834,T0000845,46,43,46,60,76.6
C0000835,T0000846,72,69,72,60,119.5
C0000836,T0000847,23,21,23,32,71.2
C0000837,T0000848,22,21,22,32,69.9
C0000838,T0000849,74,72,74,60,123.1
C0000839,T0000850,61,58,61,60,101.9
C0000840,T0000852,67,66,67,60,111.8
C0000841,T0000853,73,70,73,60,122.1
C0000842,T0000854,44,44,44,60,73.1
C0000843,T0000855,20,19,20,85,24.0
C0000844,T0000856,123,120,123,85,145.0
C0000845,T0000857,31,30,31,60,51.5
C0000846,T0000858,17,17,17,32,52.6
C0000847,T0000859,54,50,54,60,89.4
C0000848,T0000860,99,98,99,85,116.6
C0000849,T0000861,40,39,40,32,124.7
C0000850,T0000862,87,81,87,60,145.0
C0000851,T0000863,70,66,70,85,82.2
C0000852,T0000864,38,38,38,60,63.8
C0000853,T0000865,49,46,49,85,57.9
C0000854,T0000866,60,58,60,85,70.1
C0000855,T0000867,86,81,86,60,143.8
C0000856,T0000868,41,39,41,32,127.3
C0000857,T0000869,61,57,61,60,101.4
C0000858,T0000870,87,84,87,85,102.4
C0000859,T0000871,57,56,57,60,94.8
C0000860,T0000872,123,117,123,85,145.0
C0000861,T0000873,65,61,65,60,108.2
C0000862,T0000874,38,36,38,60,62.7
C0000863,T0000875,70,66,70,60,116.5
C0000864,T0000876,78,77,78,85,92.2
C0000865,T0000877,46,43,46,60,77.4
C0000866,T0000878,81,79,81,60,135.5
C0000867,T0000879,43,40,43,60,70.9
C0000868,T0000880,31,30,31,60,51.2
C0000869,T0000881,87,86,87,60,145.0
C0000870,T0000882,85,80,85,60,140.9
C0000871,T0000883,35,34,35,85,41.4
C0000872,T0000884,50,47,50,60,83.9
C0000873,T0000885,25,23,25,32,76.6
C0000874,T0000886,42,40,42,60,70.2
C0000875,T0000887,61,59,61,85,71.8
C0000876,T0000888,46,42,46,32,145.0
C0000877,T0000889,60,59,60,85,70.3
C0000878,T0000890,50,46,50,85,58.9
C0000879,T0000891,20,20,20,32,63.4
C0000880,T0000892,29,28,29,60,47.8
C0000881,T0000893,100,99,100,85,117.3
C0000882,T0000894,69,66,69,60,115.7
C0000883,T0000895,67,65,67,60,111.6
C0000884,T0000896,44,42,44,60,74.1
C0000885,T0000897,66,65,66,60,110.0
C0000886,T0000898,25,24,25,60,42.3
C0000887,T0000899,40,39,40,60,66.0
C0000888,T0000900,50,47,50,60,82.9
C0000889,T0000901,63,60,63,60,104.4
C0000890,T0000903,75,74,75,60,124.9
C0000891,T0000904,86,84,86,60,143.7
C0000892,T0000905,87,84,87,60,144.5
C0000893,T0000906,80,75,80,85,94.6
C0000894,T0000907,56,53,56,60,93.2
C0000895,T0000908,55,54,55,60,91.8
C0000896,T0000909,57,55,57,60,94.9
C0000897,T0000910,74,73,74,85,87.5
C0000898,T0000911,62,58,62,85,73.3
C0000899,T0000912,54,50,54,60,90.2
C0000900,T0000913,67,64,67,60,112.1
C0000901,T0000914,110,108,110,85,129.2
C0000902,T0000915,43,41,43,60,71.7
C0000903,T0000916,52,50,52,60,86.0
C0000904,T0000917,29,28,29,60,48.0
C0000905,T0000918,35,33,35,60,58.2
C0000906,T0000919,40,37,40,60,65.9
C0000907,T0000920,14,13,14,32,43.7
C0000908,T0000921,24,22,24,60,39.2
C0000909,T0000922,38,36,38,60,63.3
C0000910,T0000923,39,38,39,60,64.4
C0000911,T0000924,16,15,16,32,48.7
C0000912,T0000925,46,43,46,85,54.7
C0000913,T0000926,36,36,36,60,60.1
C0000914,T0000927,28,26,28,85,33.4
C0000915,T0000928,23,23,23,32,71.1
C0000916,T0000929,46,44,46,60,75.9
C0000917,T0000930,32,32,32,60,54.0
C0000918,T0000931,22,21,22,60,36.8
C0000919,T0000932,58,55,58,85,68.5
C0000920,T0000933,19,18,19,32,58.7
C0000921,T0000934,75,71,75,60,125.7
C0000922,T0000935,11,11,11,60,18.4
C0000923,T0000936,46,45,46,60,76.6
C0000924,T0000937,61,58,61,85,71.7
C0000925,T0000938,78,73,78,60,130.8
C0000926,T0000939,52,51,52,60,86.6
C0000927,T0000940,41,40,41,32,129.0
C0000928,T0000941,65,62,65,60,109.0
C0000929,T0000942,58,55,58,60,96.9
C0000930,T0000943,27,26,27,60,44.7
C0000931,T0000944,87,86,87,60,145.0
C0000932,T0000945,44,42,44,60,73.5
C0000933,T0000946,44,43,44,60,72.6
C0000934,T0000947,96,95,96,85,113.4
C0000935,T0000948,62,61,62,85,72.8
C0000936,T0000949,36,34,36,32,112.5
C0000937,T0000950,17,17,17,60,27.9
C0000938,T0000951,58,55,58,60,97.1
C0000939,T0000952,49,48,49,60,81.2
C0000940,T0000953,60,58,60,85,70.9
C0000941,T0000954,85,81,85,60,141.3
C0000942,T0000955,87,84,87,60,145.0
C0000943,T0000956,73,68,73,60,122.5
C0000944,T0000957,44,44,44,85,52.2
C0000945,T0000958,71,66,71,60,118.1
C0000946,T0000959,45,43,45,60,75.6
C0000947,T0000960,38,36,38,60,62.6
C0000948,T0000961,77,72,77,85,91.0
C0000949,T0000962,59,55,59,85,69.1
C0000950,T0000963,47,45,47,60,77.6
C0000951,T0000964,70,68,70,60,116.5
C0000952,T0000965,67,67,67,60,111.1
C0000953,T0000966,19,19,19,32,59.7
C0000954,T0000967,72,69,72,60,119.9
C0000955,T0000968,103,102,103,85,120.6
C0000956,T0000969,56,54,56,60,92.5
C0000957,T0000970,66,61,66,60,110.7
C0000958,T0000971,29,28,29,32,90.7
C0000959,T0000972,45,42,45,85,53.2
C0000960,T0000973,46,44,46,32,145.0
C0000961,T0000974,61,57,61,60,100.8
C0000962,T0000975,60,59,60,60,100.5
C0000963,T0000976,68,64,68,60,113.2
C0000964,T0000977,45,42,45,60,75.0
C0000965,T0000978,72,70,72,60,119.8
C0000966,T0000979,108,100,108,85,127.1
C0000967,T0000980,47,43,47,60,78.4
C0000968,T0000981,23,23,23,32,73.4
C0000969,T0000982,33,31,33,60,54.4
C0000970,T0000983,45,45,45,60,75.3
C0000971,T0000984,86,80,86,60,143.2
C0000972,T0000986,43,42,43,60,71.4
C0000973,T0000987,60,58,60,60,99.5
C0000974,T0000988,24,23,24,32,76.0
C0000975,T0000989,56,54,56,60,93.1
C0000976,T0000990,73,69,73,60,122.5
C0000977,T0000991,57,53,57,60,94.9
C0000978,T0000992,79,76,79,60,131.2
C0000979,T0000994,27,25,27,32,85.2
C0000980,T0000995,48,48,48,60,80.1
C0000981,T0000996,21,21,21,32,66.0
C0000982,T0000997,87,85,87,60,145.0
C0000983,T0000998,91,85,91,85,106.6
C0000984,T0000999,87,83,87,60,145.0
C0000985,T0001000,66,64,66,60,110.7
C0000986,T0001001,101,100,101,85,119.0
C0000987,T0001002,47,45,47,60,78.6
C0000988,T0001003,122,114,122,85,143.1
C0000989,T0001004,64,60,64,85,74.9
C0000990,T0001005,45,43,45,60,74.9
C0000991,T0001006,42,41,42,60,69.6
C0000992,T0001007,55,55,55,60,92.0
C0000993,T0001008,62,61,62,85,73.5
C0000994,T0001009,21,20,21,32,66.7
C0000995,T0001010,62,60,62,60,102.6
C0000996,T0001011,64,60,64,60,106.5
C0000997,T0001012,86,80,86,85,100.8
C0000998,T0001013,70,69,70,60,117.1
C0000999,T0001014,39,37,39,60,65.8
C0001000,T0001015,40,40,40,60,66.9
