route_id,stop_id,stop_sequence
R001,S386,1
R001,S133,2
R001,S218,3
R001,S435,4
R001,S146,5
R001,S489,6
R001,S044,7
R001,S452,8
R001,S230,9
R001,S080,10
R001,S425,11
R001,S037,12
R001,S047,13
R001,S012,14
R001,S313,15
R001,S248,16
R001,S499,17
R001,S159,18
R001,S253,19
R002,S343,1
R002,S362,2
R002,S020,3
R002,S055,4
R002,S056,5
R002,S397,6
R002,S068,7
R002,S062,8
R002,S120,9
R002,S045,10
R002,S309,11
R002,S063,12
R002,S284,13
R002,S302,14
R002,S050,15
R002,S002,16
R002,S479,17
R002,S168,18
R002,S083,19
R002,S089,20
R002,S042,21
R002,S150,22
R002,S403,23
R002,S469,24
R002,S478,25
R002,S357,26
R003,S211,1
R003,S260,2
R003,S180,3
R003,S249,4
R003,S431,5
R003,S246,6
R003,S387,7
R003,S320,8
R003,S149,9
R003,S007,10
R003,S122,11
R003,S269,12
R003,S262,13
R003,S066,14
R003,S075,15
R003,S120,16
R003,S190,17
R003,S238,18
R003,S464,19
R003,S025,20
R003,S364,21
R003,S336,22
R003,S011,23
R003,S435,24
R003,S391,25
R003,S489,26
R003,S129,27
R003,S019,28
R003,S498,29
R004,S262,1
R004,S220,2
R004,S167,3
R004,S003,4
R004,S085,5
R004,S373,6
R004,S273,7
R004,S305,8
R004,S284,9
R004,S168,10
R004,S461,11
R004,S088,12
R004,S289,13
R005,S076,1
R005,S284,2
R005,S426,3
R005,S334,4
R005,S421,5
R005,S394,6
R005,S113,7
R005,S147,8
R005,S466,9
R005,S100,10
R005,S011,11
R005,S168,12
R005,S250,13
R005,S241,14
R005,S450,15
R005,S054,16
R006,S433,1
R006,S272,2
R006,S474,3
R006,S011,4
R006,S114,5
R006,S061,6
R006,S367,7
R006,S425,8
R006,S019,9
R006,S406,10
R006,S018,11
R006,S136,12
R007,S344,1
R007,S099,2
R007,S119,3
R007,S364,4
R007,S079,5
R007,S004,6
R007,S395,7
R007,S132,8
R007,S342,9
R007,S055,10
R007,S372,11
R007,S167,12
R007,S016,13
R007,S209,14
R007,S128,15
R007,S010,16
R007,S463,17
R008,S481,1
R008,S482,2
R008,S447,3
R008,S258,4
R008,S139,5
R008,S325,6
R008,S430,7
R008,S032,8
R008,S273,9
R008,S012,10
R008,S072,11
R008,S241,12
R008,S283,13
R008,S160,14
R008,S170,15
R008,S093,16
R008,S250,17
R008,S038,18
R008,S496,19
R008,S297,20
R008,S219,21
R008,S050,22
R008,S486,23
R009,S347,1
R009,S308,2
R009,S059,3
R009,S279,4
R009,S387,5
R009,S207,6
R009,S157,7
R009,S214,8
R009,S196,9
R009,S062,10
R009,S263,11
R009,S233,12
R009,S018,13
R009,S192,14
R009,S313,15
R009,S100,16
R009,S315,17
R009,S488,18
R009,S321,19
R009,S166,20
R009,S394,21
R009,S429,22
R009,S322,23
R009,S205,24
R009,S251,25
R009,S101,26
R009,S186,27
R009,S075,28
R009,S121,29
R009,S420,30
R009,S182,31
R009,S383,32
R010,S304,1
R010,S231,2
R010,S478,3
R010,S331,4
R010,S123,5
R010,S213,6
R010,S188,7
R010,S460,8
R010,S374,9
R010,S060,10
R010,S010,11
R010,S206,12
R010,S399,13
R010,S218,14
R011,S011,1
R011,S437,2
R011,S103,3
R011,S129,4
R011,S417,5
R011,S157,6
R011,S302,7
R011,S084,8
R011,S499,9
R011,S436,10
R011,S266,11
R011,S420,12
R011,S429,13
R011,S415,14
R011,S032,15
R011,S498,16
R011,S004,17
R012,S257,1
R012,S126,2
R012,S183,3
R012,S380,4
R012,S377,5
R012,S082,6
R012,S300,7
R012,S407,8
R012,S203,9
R012,S269,10
R012,S229,11
R012,S148,12
R012,S389,13
R012,S465,14
R012,S032,15
R012,S227,16
R012,S050,17
R012,S003,18
R012,S066,19
R012,S001,20
R012,S289,21
R012,S408,22
R012,S405,23
R012,S075,24
R012,S393,25
R012,S404,26
R012,S292,27
R012,S275,28
R013,S325,1
R013,S448,2
R013,S366,3
R013,S062,4
R013,S333,5
R013,S279,6
R013,S259,7
R013,S147,8
R013,S089,9
R013,S340,10
R013,S385,11
R013,S358,12
R013,S474,13
R013,S414,14
R013,S240,15
R013,S184,16
R013,S476,17
R013,S201,18
R013,S012,19
R013,S002,20
R013,S063,21
R013,S157,22
R013,S247,23
R013,S296,24
R013,S345,25
R013,S352,26
R013,S108,27
R014,S465,1
R014,S430,2
R014,S490,3
R014,S245,4
R014,S331,5
R014,S356,6
R014,S043,7
R014,S361,8
R014,S187,9
R014,S270,10
R014,S050,11
R014,S210,12
R014,S037,13
R014,S101,14
R014,S260,15
R014,S437,16
R014,S200,17
R014,S148,18
R014,S036,19
R014,S206,20
R014,S008,21
R014,S398,22
R014,S381,23
R014,S223,24
R014,S086,25
R014,S322,26
R014,S176,27
R015,S051,1
R015,S120,2
R015,S152,3
R015,S267,4
R015,S405,5
R015,S095,6
R015,S205,7
R015,S493,8
R015,S225,9
R015,S230,10
R015,S380,11
R015,S227,12
R015,S009,13
R015,S285,14
R015,S165,15
R015,S192,16
R015,S138,17
R015,S021,18
R015,S043,19
R015,S255,20
R015,S160,21
R015,S409,22
R015,S080,23
R015,S288,24
R015,S386,25
R015,S141,26
R015,S325,27
R015,S316,28
R015,S056,29
R015,S024,30
R015,S344,31
R015,S492,32
R015,S490,33
R016,S007,1
R016,S392,2
R016,S093,3
R016,S148,4
R016,S302,5
R016,S141,6
R016,S173,7
R016,S343,8
R016,S058,9
R016,S500,10
R016,S486,11
R016,S379,12
R016,S233,13
R016,S185,14
R016,S179,15
R016,S288,16
R016,S002,17
R016,S147,18
R016,S062,19
R016,S203,20
R017,S089,1
R017,S282,2
R017,S194,3
R017,S372,4
R017,S169,5
R017,S010,6
R017,S163,7
R017,S001,8
R017,S313,9
R017,S453,10
R017,S460,11
R017,S153,12
R017,S117,13
R017,S187,14
R017,S143,15
R017,S403,16
R017,S009,17
R017,S111,18
R017,S077,19
R017,S036,20
R017,S213,21
R017,S480,22
R017,S415,23
R017,S130,24
R017,S391,25
R017,S082,26
R017,S157,27
R018,S110,1
R018,S329,2
R018,S008,3
R018,S373,4
R018,S209,5
R018,S012,6
R018,S363,7
R018,S469,8
R018,S321,9
R018,S334,10
R018,S367,11
R018,S170,12
R018,S137,13
R018,S356,14
R018,S131,15
R018,S309,16
R018,S266,17
R019,S133,1
R019,S200,2
R019,S152,3
R019,S347,4
R019,S034,5
R019,S442,6
R019,S104,7
R019,S361,8
R019,S222,9
R019,S417,10
R019,S488,11
R019,S429,12
R019,S225,13
R019,S423,14
R019,S151,15
R019,S202,16
R019,S228,17
R019,S257,18
R019,S462,19
R019,S350,20
R019,S013,21
R019,S158,22
R019,S451,23
R019,S069,24
R019,S107,25
R019,S186,26
R019,S061,27
R019,S074,28
R019,S455,29
R020,S090,1
R020,S124,2
R020,S387,3
R020,S023,4
R020,S393,5
R020,S175,6
R020,S452,7
R020,S134,8
R020,S399,9
R020,S014,10
R020,S138,11
R020,S055,12
R020,S485,13
R020,S158,14
R020,S305,15
R020,S186,16
R020,S427,17
R020,S016,18
R020,S438,19
R020,S345,20
R020,S473,21
R021,S263,1
R021,S169,2
R021,S400,3
R021,S224,4
R021,S370,5
R021,S159,6
R021,S176,7
R021,S292,8
R021,S460,9
R021,S385,10
R021,S143,11
R021,S418,12
R021,S080,13
R021,S032,14
R021,S336,15
R021,S001,16
R021,S497,17
R021,S181,18
R021,S316,19
R021,S165,20
R021,S106,21
R021,S081,22
R021,S170,23
R021,S103,24
R021,S199,25
R021,S345,26
R021,S463,27
R021,S398,28
R021,S309,29
R022,S169,1
R022,S050,2
R022,S188,3
R022,S091,4
R022,S435,5
R022,S109,6
R022,S207,7
R022,S252,8
R022,S017,9
R022,S172,10
R023,S006,1
R023,S234,2
R023,S215,3
R023,S199,4
R023,S253,5
R023,S321,6
R023,S054,7
R023,S230,8
R023,S010,9
R023,S065,10
R023,S394,11
R023,S361,12
R024,S287,1
R024,S263,2
R024,S154,3
R024,S058,4
R024,S415,5
R024,S057,6
R024,S033,7
R024,S129,8
R024,S085,9
R024,S036,10
R024,S342,11
R024,S073,12
R024,S236,13
R024,S268,14
R024,S280,15
R024,S264,16
R024,S104,17
R024,S338,18
R024,S098,19
R024,S180,20
R024,S014,21
R024,S184,22
R024,S120,23
R024,S358,24
R024,S493,25
R024,S055,26
R024,S491,27
R024,S348,28
R024,S174,29
R024,S018,30
R024,S374,31
R024,S436,32
R025,S129,1
R025,S366,2
R025,S438,3
R025,S470,4
R025,S004,5
R025,S466,6
R025,S227,7
R025,S383,8
R025,S479,9
R025,S292,10
R025,S409,11
R025,S174,12
R025,S016,13
R025,S288,14
R025,S198,15
R025,S380,16
R025,S190,17
R025,S024,18
R025,S286,19
R026,S031,1
R026,S324,2
R026,S471,3
R026,S096,4
R026,S157,5
R026,S083,6
R026,S431,7
R026,S194,8
R026,S224,9
R026,S366,10
R026,S182,11
R026,S375,12
R026,S045,13
R026,S219,14
R026,S357,15
R026,S002,16
R026,S109,17
R026,S446,18
R026,S360,19
R026,S499,20
R027,S197,1
R027,S307,2
R027,S076,3
R027,S302,4
R027,S015,5
R027,S350,6
R027,S332,7
R027,S226,8
R027,S489,9
R027,S236,10
R028,S174,1
R028,S015,2
R028,S090,3
R028,S489,4
R028,S246,5
R028,S486,6
R028,S008,7
R028,S450,8
R028,S117,9
R028,S028,10
R028,S331,11
R029,S157,1
R029,S023,2
R029,S248,3
R029,S447,4
R029,S008,5
R029,S367,6
R029,S495,7
R029,S493,8
R029,S305,9
R029,S370,10
R029,S307,11
R029,S456,12
R029,S500,13
R029,S238,14
R029,S309,15
R029,S169,16
R029,S062,17
R029,S171,18
R029,S466,19
R029,S236,20
R029,S006,21
R029,S106,22
R029,S355,23
R029,S304,24
R029,S300,25
R029,S196,26
R029,S288,27
R029,S375,28
R029,S411,29
R030,S132,1
R030,S487,2
R030,S051,3
R030,S470,4
R030,S430,5
R030,S192,6
R030,S500,7
R030,S304,8
R030,S355,9
R030,S195,10
R030,S201,11
R030,S326,12
R030,S089,13
R030,S088,14
R030,S438,15
R030,S030,16
R030,S149,17
R030,S024,18
R030,S258,19
R030,S131,20
R030,S092,21
R030,S455,22
R030,S015,23
R030,S308,24
R030,S292,25
R030,S075,26
R030,S199,27
R030,S412,28
R030,S053,29
R030,S002,30
R030,S489,31
R031,S252,1
R031,S180,2
R031,S399,3
R031,S492,4
R031,S005,5
R031,S464,6
R031,S017,7
R031,S247,8
R031,S343,9
R031,S291,10
R032,S450,1
R032,S105,2
R032,S286,3
R032,S413,4
R032,S167,5
R032,S126,6
R032,S005,7
R032,S439,8
R032,S187,9
R032,S290,10
R032,S059,11
R032,S085,12
R032,S060,13
R032,S137,14
R032,S183,15
R032,S424,16
R032,S099,17
R032,S436,18
R032,S217,19
R032,S353,20
R032,S180,21
R032,S310,22
R032,S006,23
R032,S320,24
R032,S179,25
R032,S173,26
R033,S012,1
R033,S292,2
R033,S206,3
R033,S184,4
R033,S088,5
R033,S107,6
R033,S450,7
R033,S375,8
R033,S442,9
R033,S113,10
R033,S003,11
R033,S349,12
R033,S122,13
R033,S146,14
R033,S042,15
R033,S264,16
R033,S044,17
R033,S033,18
R033,S133,19
R033,S400,20
R033,S105,21
R033,S007,22
R033,S330,23
R033,S256,24
R033,S125,25
R034,S193,1
R034,S410,2
R034,S128,3
R034,S145,4
R034,S017,5
R034,S051,6
R034,S462,7
R034,S414,8
R034,S296,9
R034,S159,10
R034,S439,11
R034,S116,12
R034,S175,13
R034,S005,14
R034,S102,15
R034,S110,16
R034,S412,17
R034,S372,18
R034,S114,19
R034,S426,20
R034,S444,21
R034,S473,22
R034,S330,23
R034,S142,24
R034,S033,25
R034,S266,26
R034,S001,27
R034,S490,28
R034,S286,29
R034,S085,30
R034,S361,31
R035,S086,1
R035,S404,2
R035,S087,3
R035,S244,4
R035,S002,5
R035,S494,6
R035,S197,7
R035,S074,8
R035,S117,9
R035,S179,10
R035,S379,11
R035,S161,12
R035,S461,13
R035,S365,14
R035,S447,15
R035,S438,16
R035,S014,17
R035,S401,18
R035,S380,19
R035,S207,20
R035,S033,21
R035,S005,22
R036,S424,1
R036,S029,2
R036,S014,3
R036,S060,4
R036,S045,5
R036,S013,6
R036,S094,7
R036,S306,8
R036,S485,9
R036,S159,10
R036,S098,11
R036,S291,12
R036,S101,13
R037,S150,1
R037,S376,2
R037,S216,3
R037,S314,4
R037,S421,5
R037,S152,6
R037,S016,7
R037,S469,8
R037,S106,9
R037,S391,10
R037,S045,11
R038,S218,1
R038,S493,2
R038,S190,3
R038,S435,4
R038,S048,5
R038,S008,6
R038,S187,7
R038,S436,8
R038,S154,9
R038,S112,10
R038,S017,11
R038,S282,12
R038,S182,13
R038,S015,14
R038,S458,15
R038,S476,16
R038,S251,17
R038,S345,18
R038,S202,19
R038,S159,20
R038,S246,21
R038,S076,22
R038,S277,23
R038,S155,24
R038,S115,25
R038,S237,26
R038,S457,27
R038,S333,28
R039,S483,1
R039,S343,2
R039,S431,3
R039,S419,4
R039,S262,5
R039,S043,6
R039,S119,7
R039,S364,8
R039,S040,9
R039,S473,10
R039,S017,11
R039,S184,12
R039,S234,13
R039,S015,14
R040,S373,1
R040,S103,2
R040,S001,3
R040,S339,4
R040,S238,5
R040,S476,6
R040,S262,7
R040,S007,8
R040,S083,9
R040,S269,10
R040,S132,11
R040,S245,12
R040,S185,13
R040,S394,14
R041,S022,1
R041,S248,2
R041,S011,3
R041,S130,4
R041,S049,5
R041,S456,6
R041,S243,7
R041,S342,8
R041,S267,9
R041,S009,10
R041,S089,11
R041,S257,12
R041,S018,13
R041,S216,14
R041,S025,15
R041,S496,16
R042,S005,1
R042,S337,2
R042,S375,3
R042,S099,4
R042,S385,5
R042,S060,6
R042,S300,7
R042,S282,8
R042,S159,9
R042,S021,10
R042,S492,11
R042,S004,12
R042,S157,13
R042,S120,14
R042,S253,15
R042,S461,16
R042,S342,17
R042,S424,18
R042,S162,19
R042,S079,20
R042,S228,21
R042,S202,22
R042,S275,23
R042,S329,24
R042,S048,25
R042,S011,26
R042,S411,27
R043,S019,1
R043,S295,2
R043,S051,3
R043,S298,4
R043,S055,5
R043,S317,6
R043,S280,7
R043,S124,8
R043,S139,9
R043,S216,10
R043,S498,11
R043,S105,12
R043,S440,13
R043,S395,14
R043,S308,15
R043,S423,16
R043,S382,17
R043,S211,18
R044,S027,1
R044,S261,2
R044,S322,3
R044,S312,4
R044,S222,5
R044,S028,6
R044,S394,7
R044,S017,8
R044,S139,9
R044,S381,10
R044,S320,11
R044,S365,12
R044,S338,13
R044,S300,14
R044,S152,15
R044,S359,16
R044,S396,17
R044,S108,18
R044,S284,19
R044,S214,20
R044,S061,21
R045,S214,1
R045,S055,2
R045,S378,3
R045,S321,4
R045,S031,5
R045,S190,6
R045,S260,7
R045,S413,8
R045,S039,9
R045,S007,10
R045,S459,11
R045,S421,12
R045,S193,13
R045,S156,14
R045,S347,15
R045,S018,16
R045,S483,17
R046,S369,1
R046,S309,2
R046,S010,3
R046,S333,4
R046,S302,5
R046,S195,6
R046,S003,7
R046,S166,8
R046,S259,9
R046,S082,10
R046,S445,11
R046,S454,12
R046,S062,13
R046,S426,14
R046,S284,15
R046,S332,16
R046,S061,17
R046,S472,18
R046,S036,19
R046,S231,20
R046,S363,21
R046,S273,22
R046,S265,23
R046,S364,24
R047,S009,1
R047,S117,2
R047,S257,3
R047,S178,4
R047,S006,5
R047,S240,6
R047,S044,7
R047,S477,8
R047,S315,9
R047,S253,10
R047,S097,11
R047,S002,12
R047,S452,13
R047,S138,14
R047,S469,15
R047,S492,16
R047,S364,17
R047,S237,18
R047,S202,19
R047,S140,20
R048,S010,1
R048,S164,2
R048,S268,3
R048,S431,4
R048,S027,5
R048,S179,6
R048,S317,7
R048,S079,8
R048,S101,9
R048,S410,10
R048,S001,11
R048,S015,12
R048,S303,13
