route_id,scheduled_headway_min,first_departure,last_departure
R001,6,05:30,23:30
R002,15,05:30,23:30
R003,12,05:30,23:30
R004,10,05:30,23:30
R005,10,05:30,23:30
R006,8,05:30,23:30
R007,6,05:30,23:30
R008,12,05:30,23:30
R009,12,05:30,23:30
R010,8,05:30,23:30
R011,8,05:30,23:30
R012,6,05:30,23:30
R013,10,05:30,23:30
R014,15,05:30,23:30
R015,20,05:30,23:30
R016,20,05:30,23:30
R017,6,05:30,23:30
R018,12,05:30,23:30
R019,20,05:30,23:30
R020,8,05:30,23:30
R021,8,05:30,23:30
R022,20,05:30,23:30
R023,12,05:30,23:30
R024,12,05:30,23:30
R025,8,05:30,23:30
R026,12,05:30,23:30
R027,10,05:30,23:30
R028,15,05:30,23:30
R029,20,05:30,23:30
R030,15,05:30,23:30
R031,8,05:30,23:30
R032,12,05:30,23:30
R033,10,05:30,23:30
R034,10,05:30,23:30
R035,20,05:30,23:30
R036,10,05:30,23:30
R037,15,05:30,23:30
R038,10,05:30,23:30
R039,8,05:30,23:30
R040,8,05:30,23:30
R041,12,05:30,23:30
R042,6,05:30,23:30
R043,6,05:30,23:30
R044,6,05:30,23:30
R045,20,05:30,23:30
R046,12,05:30,23:30
R047,20,05:30,23:30
R048,8,05:30,23:30
R049,6,05:30,23:30
R050,10,05:30,23:30
R051,8,05:30,23:30
R052,10,05:30,23:30
R053,15,05:30,23:30
R054,12,05:30,23:30
R055,20,05:30,23:30
R056,12,05:30,23:30
R057,10,05:30,23:30
R058,12,05:30,23:30
R059,20,05:30,23:30
R060,12,05:30,23:30
R061,20,05:30,23:30
R062,8,05:30,23:30
R063,6,05:30,23:30
R064,8,05:30,23:30
R065,10,05:30,23:30
R066,12,05:30,23:30
R067,15,05:30,23:30
R068,15,05:30,23:30
R069,20,05:30,23:30
R070,10,05:30,23:30
R071,10,05:30,23:30
R072,6,05:30,23:30
R073,12,05:30,23:30
R074,10,05:30,23:30
R075,20,05:30,23:30
R076,12,05:30,23:30
R077,8,05:30,23:30
R078,12,05:30,23:30
R079,15,05:30,23:30
R080,15,05:30,23:30
R081,15,05:30,23:30
R082,12,05:30,23:30
R083,8,05:30,23:30
R084,20,05:30,23:30
R085,8,05:30,23:30
R086,8,05:30,23:30
R087,20,05:30,23:30
R088,12,05:30,23:30
R089,12,05:30,23:30
R090,8,05:30,23:30
R091,20,05:30,23:30
R092,8,05:30,23:30
R093,15,05:30,23:30
R094,15,05:30,23:30
R095,6,05:30,23:30
R096,6,05:30,23:30
R097,15,05:30,23:30
R098,6,05:30,23:30
R099,8,05:30,23:30
R100,15,05:30,23:30
