stop_id,stop_name,zone,lat,lon,has_shelter
S001,Central Station,North,24.926699,67.054326,True
S002,Airport T1,Central,24.975041,67.051646,True
S003,Tech Park Gate,Central,24.824573,67.0498,True
S004,University Sq,Airport,24.860251,67.116063,True
S005,Harbor Point,Airport,24.84379,67.096382,True
S006,North Terminal,South,24.839846,67.033509,True
S007,City Mall,North,24.853667,66.919123,True
S008,Industrial Zone A,West,24.934733,67.162213,True
S009,Stadium East,East,24.823933,67.090292,True
S010,Medical District,Central,24.848428,67.085249,False
S011,Riverside Walk,Airport,24.824914,67.1438,True
S012,Suburb West Hub,Central,24.860243,67.035268,True
S013,Business Bay,Central,24.906727,66.901626,True
S014,Convention Center,South,24.833576,66.999038,True
S015,Lakeview Pier,West,24.922125,66.99464,False
S016,Old City Gate,Airport,24.926942,67.078892,True
S017,Green Belt Park,West,24.903988,67.084007,False
S018,Metro Link Xchg,South,24.887266,66.984912,False
S019,Hillside Top,Central,24.911795,67.097117,True
S020,Suburb East Hub,East,24.935935,67.062894,False
S021,Stop 021,East,24.845604,67.11517,True
S022,Stop 022,Central,24.840584,67.029114,True
S023,Stop 023,Central,24.858117,67.015693,True
S024,Stop 024,Central,24.79185,67.075221,True
S025,Stop 025,West,24.90604,67.052403,True
S026,Stop 026,Airport,24.784791,66.990985,True
S027,Stop 027,West,24.826251,66.952504,True
S028,Stop 028,North,24.835249,67.031814,True
S029,Stop 029,South,24.87158,67.105119,False
S030,Stop 030,North,24.850996,67.074768,True
S031,Stop 031,South,24.949458,67.075732,True
S032,Stop 032,West,24.875304,67.011888,False
S033,Stop 033,East,24.912673,67.076342,True
S034,Stop 034,East,24.949904,66.988289,True
S035,Stop 035,Central,24.811565,67.142826,True
S036,Stop 036,Central,24.83591,66.954566,False
S037,Stop 037,West,24.956637,67.011534,False
S038,Stop 038,South,24.857847,67.061462,True
S039,Stop 039,West,24.812055,67.124123,True
S040,Stop 040,North,24.892367,66.971882,True
S041,Stop 041,North,24.82582,67.063082,True
S042,Stop 042,Airport,24.888873,66.880349,True
S043,Stop 043,East,24.748815,67.059346,True
S044,Stop 044,South,24.868089,67.021091,False
S045,Stop 045,Airport,24.831242,67.057444,False
S046,Stop 046,East,24.863034,67.093704,True
S047,Stop 047,West,24.833843,66.997291,True
S048,Stop 048,West,24.911331,67.04664,True
S049,Stop 049,North,24.792943,66.954006,True
S050,Stop 050,North,24.894834,66.979831,True
S051,Stop 051,Central,24.837458,67.075821,True
S052,Stop 052,East,24.795142,66.980086,False
S053,Stop 053,East,24.902777,66.980009,True
S054,Stop 054,Central,24.895985,66.95671,False
S055,Stop 055,Central,24.861475,67.099103,False
S056,Stop 056,West,24.84753,66.979939,True
S057,Stop 057,Central,24.856263,66.989688,True
S058,Stop 058,Central,24.825335,67.06443,True
S059,Stop 059,North,24.909241,67.057388,False
S060,Stop 060,South,24.906932,67.20116,False
S061,Stop 061,Airport,24.82804,66.921122,True
S062,Stop 062,Central,24.917472,66.995356,False
S063,Stop 063,North,24.922219,67.069486,True
S064,Stop 064,Central,24.861813,67.02192,True
S065,Stop 065,South,24.860512,66.967565,False
S066,Stop 066,North,24.905581,67.106293,False
S067,Stop 067,West,24.966507,67.059092,False
S068,Stop 068,North,24.863966,67.009284,True
S069,Stop 069,Airport,24.876722,67.055054,True
S070,Stop 070,South,24.87687,67.008617,False
S071,Stop 071,South,24.839164,66.971533,True
S072,Stop 072,West,24.849547,67.075138,True
S073,Stop 073,Central,24.857381,67.059497,True
S074,Stop 074,North,24.831969,67.070677,False
S075,Stop 075,North,24.776563,66.924262,False
S076,Stop 076,North,24.902237,66.995,True
S077,Stop 077,East,24.990086,67.087776,True
S078,Stop 078,East,24.827258,67.092549,False
S079,Stop 079,Airport,24.885445,67.017519,True
S080,Stop 080,North,24.808452,67.012349,True
S081,Stop 081,East,24.926649,67.052126,True
S082,Stop 082,Central,24.931073,67.143814,False
S083,Stop 083,East,24.868759,67.105875,True
S084,Stop 084,South,24.845939,67.149472,True
S085,Stop 085,South,24.909239,67.157346,False
S086,Stop 086,East,24.870785,67.012823,True
S087,Stop 087,Central,24.84647,67.014697,True
S088,Stop 088,Central,24.791268,67.060149,True
S089,Stop 089,Central,24.788091,67.103285,True
S090,Stop 090,North,24.753862,67.022913,True
S091,Stop 091,North,24.943439,67.108324,False
S092,Stop 092,West,24.872219,66.943015,True
S093,Stop 093,Central,24.881974,67.022685,True
S094,Stop 094,West,24.938904,67.131562,False
S095,Stop 095,Central,24.913389,67.125745,False
S096,Stop 096,West,24.888498,67.044995,True
S097,Stop 097,East,24.929602,67.127385,False
S098,Stop 098,Airport,24.789443,67.029558,True
S099,Stop 099,South,24.865143,67.034293,False
S100,Stop 100,North,24.890405,67.083304,True
S101,Stop 101,North,24.888161,67.014144,True
S102,Stop 102,Central,24.86813,66.960138,True
S103,Stop 103,Central,24.865787,67.038689,False
S104,Stop 104,Central,24.905383,67.134415,True
S105,Stop 105,North,24.84834,67.079825,True
S106,Stop 106,Central,24.91925,67.084274,False
S107,Stop 107,South,24.856639,67.058138,True
S108,Stop 108,West,24.899982,67.062217,True
S109,Stop 109,East,24.815747,67.116052,True
S110,Stop 110,East,24.843866,67.149816,True
S111,Stop 111,West,24.857437,66.90659,False
S112,Stop 112,West,24.784714,67.072638,True
S113,Stop 113,Airport,24.854437,67.080467,False
S114,Stop 114,Central,24.866315,67.165508,True
S115,Stop 115,South,24.812844,66.990216,True
S116,Stop 116,Central,24.862561,67.090323,True
S117,Stop 117,South,24.813413,66.965865,True
S118,Stop 118,South,24.880023,67.046782,True
S119,Stop 119,Central,24.859708,66.955798,False
S120,Stop 120,Central,24.888926,67.058149,True
S121,Stop 121,North,24.811975,67.065444,False
S122,Stop 122,East,24.854335,67.048143,True
S123,Stop 123,North,24.912816,67.079685,False
S124,Stop 124,Central,24.912646,67.042492,False
S125,Stop 125,East,24.87077,67.016254,False
S126,Stop 126,Central,24.816848,67.109042,True
S127,Stop 127,South,24.865731,66.957377,False
S128,Stop 128,Central,24.900653,67.061462,False
S129,Stop 129,Central,24.893974,67.134688,True
S130,Stop 130,Airport,24.869206,67.101797,True
S131,Stop 131,Central,24.841893,66.989346,True
S132,Stop 132,East,24.840972,67.047669,True
S133,Stop 133,Central,24.935236,67.03592,False
S134,Stop 134,North,24.89489,67.097555,False
S135,Stop 135,North,24.868755,67.082876,True
S136,Stop 136,Central,24.863599,66.995554,True
S137,Stop 137,North,24.796684,67.070031,True
S138,Stop 138,East,24.835574,67.031837,True
S139,Stop 139,North,24.868261,67.092286,False
S140,Stop 140,West,24.867626,66.988759,True
S141,Stop 141,North,24.795619,67.139726,False
S142,Stop 142,Central,24.794971,67.037642,True
S143,Stop 143,West,24.815036,67.013631,True
S144,Stop 144,West,24.877298,67.090203,True
S145,Stop 145,East,24.864074,67.030709,True
S146,Stop 146,Central,24.848631,67.045408,True
S147,Stop 147,Airport,24.901668,67.037144,True
S148,Stop 148,North,24.854789,67.01245,True
S149,Stop 149,South,24.875851,67.046243,False
S150,Stop 150,Central,24.902797,66.939716,False
S151,Stop 151,South,24.755706,67.043536,False
S152,Stop 152,East,24.869729,67.085073,False
S153,Stop 153,East,24.865929,67.005265,False
S154,Stop 154,Central,24.822966,67.041385,True
S155,Stop 155,Central,24.894913,67.040575,True
S156,Stop 156,East,24.917949,67.096742,True
S157,Stop 157,West,24.844815,67.024758,False
S158,Stop 158,East,24.955661,67.006226,True
S159,Stop 159,South,24.852401,67.039069,False
S160,Stop 160,South,24.844411,67.117072,True
S161,Stop 161,North,24.899887,67.085618,False
S162,Stop 162,South,24.834524,67.044264,True
S163,Stop 163,Central,24.89886,67.083131,True
S164,Stop 164,West,24.803591,67.103838,True
S165,Stop 165,East,24.942817,67.05012,True
S166,Stop 166,South,24.855811,67.107774,True
S167,Stop 167,Central,24.864762,67.12,False
S168,Stop 168,Central,24.861854,67.095945,False
S169,Stop 169,Central,24.881865,66.959441,True
S170,Stop 170,Central,24.795985,67.018882,True
S171,Stop 171,Airport,24.786194,67.031763,True
S172,Stop 172,West,24.828907,66.992967,True
S173,Stop 173,Airport,24.825477,67.096737,True
S174,Stop 174,East,24.811553,67.09056,False
S175,Stop 175,Central,24.857406,67.01451,False
S176,Stop 176,Central,24.769182,67.041466,True
S177,Stop 177,Airport,24.920549,67.115335,False
S178,Stop 178,North,24.84712,67.06917,True
S179,Stop 179,West,24.876695,67.014932,False
S180,Stop 180,West,24.856048,67.105332,False
S181,Stop 181,Central,24.901797,67.137159,True
S182,Stop 182,Central,24.926436,67.080811,True
S183,Stop 183,Airport,24.868271,67.064418,True
S184,Stop 184,West,24.816368,66.936608,False
S185,Stop 185,West,24.876531,67.13113,True
S186,Stop 186,South,24.880493,67.067771,True
S187,Stop 187,West,24.785909,67.088628,False
S188,Stop 188,Central,24.919734,67.091453,True
S189,Stop 189,North,24.783413,67.059241,True
S190,Stop 190,North,24.848395,66.977304,True
S191,Stop 191,East,24.86774,67.033492,True
S192,Stop 192,Central,24.858669,67.048205,True
S193,Stop 193,Airport,24.826323,66.987854,False
S194,Stop 194,Central,24.897301,67.211228,True
S195,Stop 195,East,24.875443,67.102042,True
S196,Stop 196,Central,24.893931,67.117663,True
S197,Stop 197,West,24.891481,67.119516,False
S198,Stop 198,Airport,24.883448,67.090419,True
S199,Stop 199,Central,24.892971,66.949613,True
S200,Stop 200,West,24.842501,67.120455,True
S201,Stop 201,Central,24.784727,67.023655,False
S202,Stop 202,North,24.8644,67.004036,True
S203,Stop 203,West,24.84238,66.995716,True
S204,Stop 204,West,24.924513,67.041506,True
S205,Stop 205,East,24.853407,67.079812,True
S206,Stop 206,Central,24.830471,66.978301,True
S207,Stop 207,North,24.939578,67.004371,False
S208,Stop 208,West,24.838058,66.994363,False
S209,Stop 209,Airport,24.903253,67.091,True
S210,Stop 210,South,24.892063,67.087116,True
S211,Stop 211,East,24.865931,67.101839,False
S212,Stop 212,Central,24.89876,66.926733,True
S213,Stop 213,South,24.849163,67.099887,False
S214,Stop 214,Central,24.861683,67.063585,True
S215,Stop 215,Central,24.885437,67.112607,True
S216,Stop 216,East,24.824533,67.101861,True
S217,Stop 217,Central,24.805105,67.035253,True
S218,Stop 218,West,24.874957,66.944938,True
S219,Stop 219,Central,24.802338,66.915066,False
S220,Stop 220,South,24.894214,66.994855,False
S221,Stop 221,Central,24.898975,67.105558,True
S222,Stop 222,East,24.855835,67.066491,True
S223,Stop 223,Central,24.901525,67.065516,True
S224,Stop 224,Central,24.850776,66.975032,False
S225,Stop 225,Central,24.83163,66.99008,False
S226,Stop 226,South,24.737567,67.002742,True
S227,Stop 227,East,24.821749,67.183349,False
S228,Stop 228,West,24.757067,67.040354,False
S229,Stop 229,North,24.849862,67.08033,False
S230,Stop 230,South,24.91407,66.972981,False
S231,Stop 231,East,24.851751,67.046192,True
S232,Stop 232,South,24.853034,67.001442,True
S233,Stop 233,North,24.870941,67.037205,True
S234,Stop 234,North,24.866049,67.114324,True
S235,Stop 235,West,24.836707,67.08636,True
S236,Stop 236,North,24.840941,67.060075,True
S237,Stop 237,Central,24.806444,67.043973,True
S238,Stop 238,North,24.974796,67.127907,True
S239,Stop 239,Central,24.836044,67.127557,True
S240,Stop 240,West,24.802898,66.977441,True
S241,Stop 241,East,24.865945,67.03888,False
S242,Stop 242,South,24.85374,67.058603,True
S243,Stop 243,West,24.888159,67.141015,True
S244,Stop 244,Airport,24.835731,67.112506,False
S245,Stop 245,East,24.906007,66.989786,False
S246,Stop 246,West,24.833829,67.088332,False
S247,Stop 247,East,24.907867,67.035241,False
S248,Stop 248,Central,24.774749,67.093327,False
S249,Stop 249,Central,24.804641,66.944996,True
S250,Stop 250,South,24.83779,67.017254,True
S251,Stop 251,East,24.865012,67.060299,True
S252,Stop 252,Airport,24.863493,67.140358,True
S253,Stop 253,West,24.832252,67.027582,False
S254,Stop 254,West,24.829578,66.993534,False
S255,Stop 255,North,24.775086,67.029509,False
S256,Stop 256,West,24.90689,67.047061,True
S257,Stop 257,North,24.889217,67.144559,True
S258,Stop 258,West,24.841575,67.004398,False
S259,Stop 259,Airport,24.910568,66.983823,True
S260,Stop 260,Central,24.910467,67.086597,True
S261,Stop 261,South,24.873889,67.200955,True
S262,Stop 262,West,24.914545,67.010167,True
S263,Stop 263,West,24.881677,67.096129,False
S264,Stop 264,East,24.832766,67.084391,True
S265,Stop 265,South,24.825625,67.105559,False
S266,Stop 266,Central,24.875937,67.02129,True
S267,Stop 267,West,24.848113,67.086124,True
S268,Stop 268,West,24.854803,66.946037,True
S269,Stop 269,East,24.886011,67.162076,False
S270,Stop 270,West,24.876214,67.033756,False
S271,Stop 271,South,24.82233,66.981428,True
S272,Stop 272,West,24.912503,66.991771,True
S273,Stop 273,East,24.868807,67.080906,True
S274,Stop 274,South,24.88004,67.16571,True
S275,Stop 275,West,24.87672,66.961867,True
S276,Stop 276,South,24.824329,67.045268,True
S277,Stop 277,North,24.865546,67.095663,True
S278,Stop 278,South,24.829281,67.082912,True
S279,Stop 279,East,24.88341,66.987905,True
S280,Stop 280,East,24.897122,67.120824,False
S281,Stop 281,South,24.819778,67.023787,True
S282,Stop 282,North,24.829969,67.05175,True
S283,Stop 283,East,24.857954,67.020628,False
S284,Stop 284,East,24.811424,67.126093,False
S285,Stop 285,Airport,24.86932,67.048345,True
S286,Stop 286,South,24.856889,67.110496,True
S287,Stop 287,Central,24.822714,67.08898,False
S288,Stop 288,Airport,24.944541,67.099828,True
S289,Stop 289,Airport,24.918013,67.11005,True
S290,Stop 290,Airport,24.874289,67.029119,True
S291,Stop 291,South,24.81684,66.956536,True
S292,Stop 292,West,24.795068,66.94279,False
S293,Stop 293,North,24.861117,66.940454,True
S294,Stop 294,South,24.838194,67.111515,True
S295,Stop 295,Central,24.813212,66.966125,True
S296,Stop 296,North,24.929614,67.035991,True
S297,Stop 297,Central,24.819294,66.95804,True
S298,Stop 298,Central,24.911762,67.001163,True
S299,Stop 299,Central,24.780446,66.959906,True
S300,Stop 300,North,24.862568,66.997627,True
S301,Stop 301,West,24.9422,66.98544,False
S302,Stop 302,West,24.776039,67.028635,True
S303,Stop 303,West,24.870425,67.074037,True
S304,Stop 304,North,24.898636,67.093256,True
S305,Stop 305,East,24.901825,66.942627,False
S306,Stop 306,North,24.922025,67.005072,True
S307,Stop 307,North,24.890199,67.092677,True
S308,Stop 308,Central,24.775826,67.030436,False
S309,Stop 309,Central,24.848911,67.084141,True
S310,Stop 310,North,24.942331,67.167528,True
S311,Stop 311,Central,24.871284,67.087267,True
S312,Stop 312,North,24.859942,67.047876,False
S313,Stop 313,South,24.936565,67.037836,True
S314,Stop 314,East,24.920247,66.995336,True
S315,Stop 315,Airport,24.818841,66.940412,True
S316,Stop 316,Central,24.790822,66.93993,True
S317,Stop 317,Central,24.874561,67.074214,True
S318,Stop 318,Central,24.790363,67.045548,False
S319,Stop 319,Central,24.834459,67.0748,True
S320,Stop 320,East,24.798603,67.090378,True
S321,Stop 321,Airport,24.928901,67.019282,True
S322,Stop 322,North,24.905105,66.988303,False
S323,Stop 323,East,24.896079,67.02915,True
S324,Stop 324,North,24.809492,67.053721,False
S325,Stop 325,East,24.821208,67.087069,False
S326,Stop 326,West,24.900164,67.030019,True
S327,Stop 327,West,24.888341,67.128432,False
S328,Stop 328,West,24.892392,67.09304,True
S329,Stop 329,North,24.79757,67.057315,True
S330,Stop 330,West,24.859727,67.069143,True
S331,Stop 331,East,24.803043,67.120451,True
S332,Stop 332,South,24.800747,67.092914,False
S333,Stop 333,North,24.81532,67.026902,True
S334,Stop 334,North,24.914384,67.025985,True
S335,Stop 335,South,24.818136,67.058197,True
S336,Stop 336,Central,24.872809,67.090082,False
S337,Stop 337,East,24.89848,66.955384,False
S338,Stop 338,East,24.849854,67.015218,True
S339,Stop 339,North,24.847856,67.002496,True
S340,Stop 340,North,24.786463,67.049651,True
S341,Stop 341,East,24.876332,67.007052,False
S342,Stop 342,East,24.897259,67.013366,True
S343,Stop 343,Airport,24.849465,66.963004,False
S344,Stop 344,West,24.858259,67.154022,True
S345,Stop 345,South,24.865884,67.018186,False
S346,Stop 346,South,24.930762,67.080674,False
S347,Stop 347,North,24.897665,67.076817,True
S348,Stop 348,Central,24.882179,67.120298,True
S349,Stop 349,North,24.873773,67.090517,False
S350,Stop 350,South,24.835315,67.041036,True
S351,Stop 351,South,24.925519,67.120861,False
S352,Stop 352,Central,24.823729,67.097695,False
S353,Stop 353,Central,24.871899,67.13729,False
S354,Stop 354,Central,24.860889,66.997902,False
S355,Stop 355,Central,24.894661,66.948035,True
S356,Stop 356,North,24.845446,66.983924,True
S357,Stop 357,West,24.857282,66.988026,False
S358,Stop 358,North,24.87884,67.004821,False
S359,Stop 359,North,24.853691,66.966973,True
S360,Stop 360,Central,24.922679,67.124464,True
S361,Stop 361,East,24.862691,67.091211,True
S362,Stop 362,Central,24.905324,67.064366,False
S363,Stop 363,South,24.916308,67.103452,False
S364,Stop 364,North,24.909794,67.11661,True
S365,Stop 365,South,24.781317,66.92951,False
S366,Stop 366,Central,24.862808,67.036535,False
S367,Stop 367,North,24.87486,67.008894,True
S368,Stop 368,South,24.951135,67.070372,False
S369,Stop 369,South,24.961766,66.985171,False
S370,Stop 370,Central,24.954152,67.027256,True
S371,Stop 371,South,24.884842,67.038882,False
S372,Stop 372,Central,24.809472,67.064937,True
S373,Stop 373,Central,24.905055,67.1034,False
S374,Stop 374,Central,24.85137,67.013054,True
S375,Stop 375,Central,24.82361,67.086399,False
S376,Stop 376,North,24.918261,66.995623,True
S377,Stop 377,Central,24.937549,67.078962,True
S378,Stop 378,Airport,24.835458,67.114495,True
S379,Stop 379,Central,24.865027,67.062953,True
S380,Stop 380,North,24.84994,67.027647,True
S381,Stop 381,Central,24.748667,67.0674,True
S382,Stop 382,East,24.869077,67.060053,True
S383,Stop 383,Central,24.786926,67.040777,True
S384,Stop 384,East,24.857389,67.010602,True
S385,Stop 385,North,24.884454,67.061876,True
S386,Stop 386,Airport,24.932578,66.901664,True
S387,Stop 387,Airport,24.872307,67.000123,False
S388,Stop 388,South,24.858986,67.086265,True
S389,Stop 389,North,24.863384,67.011604,False
S390,Stop 390,Central,24.903597,67.037223,True
S391,Stop 391,South,24.703086,67.050007,False
S392,Stop 392,South,24.881924,67.04658,True
S393,Stop 393,North,24.878811,66.934407,False
S394,Stop 394,South,24.811498,67.105061,True
S395,Stop 395,Central,24.898785,67.064646,False
S396,Stop 396,Central,24.894796,67.03674,False
S397,Stop 397,Central,24.781963,67.049045,True
S398,Stop 398,North,24.851448,67.016487,True
S399,Stop 399,South,24.845688,67.004407,False
S400,Stop 400,East,24.847901,67.084006,False
S401,Stop 401,Central,24.761351,67.048511,True
S402,Stop 402,East,24.833738,66.903959,True
S403,Stop 403,East,24.86213,67.048771,True
S404,Stop 404,Central,24.826363,67.095605,False
S405,Stop 405,Central,24.857648,67.104891,True
S406,Stop 406,North,24.855095,67.023642,False
S407,Stop 407,North,24.83539,67.008041,False
S408,Stop 408,Central,24.793894,67.140285,False
S409,Stop 409,Central,24.865426,66.976739,True
S410,Stop 410,West,24.892487,67.067781,False
S411,Stop 411,West,24.907187,67.092595,False
S412,Stop 412,Central,24.905051,67.059971,True
S413,Stop 413,West,24.804494,67.122482,True
S414,Stop 414,East,24.878766,67.084101,False
S415,Stop 415,South,24.792248,67.037196,False
S416,Stop 416,East,24.852554,67.024795,True
S417,Stop 417,East,24.913675,66.987101,True
S418,Stop 418,North,24.815167,67.105745,False
S419,Stop 419,South,24.816189,66.991672,True
S420,Stop 420,East,24.81315,67.066893,True
S421,Stop 421,Central,24.803149,67.017978,True
S422,Stop 422,Central,24.892301,67.093251,True
S423,Stop 423,Central,24.75019,67.125947,True
S424,Stop 424,South,24.846641,67.037569,True
S425,Stop 425,South,24.901919,67.088628,True
S426,Stop 426,East,24.827172,67.031531,True
S427,Stop 427,Central,24.92897,67.00053,True
S428,Stop 428,Airport,24.930746,67.002193,False
S429,Stop 429,Central,24.840035,67.104857,True
S430,Stop 430,Central,24.902073,67.033613,True
S431,Stop 431,West,24.934928,67.00035,True
S432,Stop 432,West,24.944185,67.093503,True
S433,Stop 433,West,24.85798,67.037859,False
S434,Stop 434,South,24.858811,67.023953,False
S435,Stop 435,West,24.879899,67.04353,False
S436,Stop 436,West,24.842389,67.040372,True
S437,Stop 437,Central,24.840255,67.062458,True
S438,Stop 438,North,24.839832,67.041301,True
S439,Stop 439,East,24.867742,67.095894,True
S440,Stop 440,West,24.946136,67.134935,True
S441,Stop 441,West,24.868492,67.062325,True
S442,Stop 442,West,24.820674,67.052661,True
S443,Stop 443,Airport,24.910666,67.041672,False
S444,Stop 444,Central,24.850494,67.087585,True
S445,Stop 445,East,24.895645,67.065046,True
S446,Stop 446,Central,24.831184,67.132762,False
S447,Stop 447,Airport,24.879854,67.091914,True
S448,Stop 448,Airport,24.844153,67.096954,False
S449,Stop 449,South,24.865875,67.026007,True
S450,Stop 450,East,24.805828,67.053582,False
S451,Stop 451,Airport,24.890951,67.073531,True
S452,Stop 452,West,24.912181,67.083021,False
S453,Stop 453,East,24.840296,67.028209,True
S454,Stop 454,East,24.839681,67.158346,True
S455,Stop 455,North,24.921945,67.060287,False
S456,Stop 456,North,24.720162,67.013312,True
S457,Stop 457,East,24.966971,67.014525,False
S458,Stop 458,Central,24.8924,67.103787,False
S459,Stop 459,East,24.873476,67.162516,True
S460,Stop 460,West,24.84762,66.961663,True
S461,Stop 461,North,24.910701,67.138424,True
S462,Stop 462,Central,24.862014,67.080059,False
S463,Stop 463,Airport,24.850116,67.0382,True
S464,Stop 464,East,24.883853,67.012288,True
S465,Stop 465,Central,24.855093,67.040449,True
S466,Stop 466,East,24.853004,67.027622,True
S467,Stop 467,East,24.818356,67.046689,True
S468,Stop 468,South,24.81842,67.097022,False
S469,Stop 469,Airport,24.769382,67.098673,True
S470,Stop 470,North,24.821157,67.058878,True
S471,Stop 471,East,24.833443,67.06329,True
S472,Stop 472,West,24.863073,67.027296,True
S473,Stop 473,North,24.869166,67.13819,True
S474,Stop 474,Airport,24.874787,66.995482,True
S475,Stop 475,Airport,24.820861,67.098734,False
S476,Stop 476,Central,24.899494,67.010808,False
S477,Stop 477,Airport,24.906006,67.035415,True
S478,Stop 478,South,24.885795,67.071141,True
S479,Stop 479,North,24.780711,67.093583,True
S480,Stop 480,South,24.87514,67.064702,True
S481,Stop 481,East,24.745485,67.062906,True
S482,Stop 482,Airport,24.832745,67.019692,True
S483,Stop 483,Airport,24.872329,67.004074,False
S484,Stop 484,West,24.848775,66.991242,True
S485,Stop 485,Central,24.847673,66.999263,False
S486,Stop 486,North,24.816372,66.998388,True
S487,Stop 487,Central,24.856904,67.124937,True
S488,Stop 488,South,24.887671,67.037646,True
S489,Stop 489,West,24.871363,67.012509,False
S490,Stop 490,Central,24.865063,67.086667,True
S491,Stop 491,West,24.841771,67.082134,True
S492,Stop 492,South,24.821794,67.05616,True
S493,Stop 493,North,24.876623,67.033738,False
S494,Stop 494,South,24.838513,67.038388,True
S495,Stop 495,South,24.867295,67.087727,False
S496,Stop 496,West,24.796917,67.049921,False
S497,Stop 497,Airport,24.858796,67.041341,False
S498,Stop 498,South,24.819735,67.062178,True
S499,Stop 499,South,24.913113,67.027001,True
S500,Stop 500,North,24.856249,67.150131,True
