ticket_id,passenger_id,trip_id,route_id,scan_time,fare,channel
K00000001,P036358,T0000001,R001,2025-10-02 18:12:00,65,counter
K00000002,P046627,T0000001,R001,2025-10-02 18:19:00,50,card_tap
K00000003,P007601,T0000001,R001,2025-10-02 18:19:00,30,card_tap
K00000004,P018124,T0000001,R001,2025-10-02 18:17:00,30,counter
K00000005,P037498,T0000001,R001,2025-10-02 18:05:00,40,card_tap
K00000006,P006338,T0000001,R001,2025-10-02 18:12:00,80,mobile_app
K00000007,P048600,T0000001,R001,2025-10-02 18:12:00,65,mobile_app
K00000008,P043547,T0000001,R001,2025-10-02 18:09:00,50,mobile_app
K00000009,P015255,T0000001,R001,2025-10-02 18:11:00,80,mobile_app
K00000010,P030847,T0000003,R001,2025-10-03 15:50:00,40,counter
K00000011,P004637,T0000003,R001,2025-10-03 16:00:00,40,card_tap
K00000012,P023549,T0000003,R001,2025-10-03 15:55:00,65,mobile_app
K00000013,P010997,T0000003,R001,2025-10-03 15:55:00,65,mobile_app
K00000014,P043830,T0000005,R001,2025-10-06 06:40:00,40,card_tap
K00000015,P021241,T0000005,R001,2025-10-06 06:55:00,65,counter
K00000016,P006188,T0000005,R001,2025-10-06 06:57:00,40,mobile_app
K00000017,P032296,T0000006,R001,2025-10-08 10:42:00,65,card_tap
K00000018,P005379,T0000006,R001,2025-10-08 10:42:00,40,card_tap
K00000019,P008468,T0000006,R001,2025-10-08 10:39:00,80,card_tap
K00000020,P007245,T0000006,R001,2025-10-08 10:40:00,30,mobile_app
K00000021,P016303,T0000007,R001,2025-10-08 09:54:00,50,mobile_app
K00000022,P045670,T0000007,R001,2025-10-08 10:01:00,80,card_tap
K00000023,P044303,T0000007,R001,2025-10-08 10:03:00,65,mobile_app
K00000024,P038067,T0000008,R001,2025-10-08 16:29:00,65,counter
K00000025,P009542,T0000008,R001,2025-10-08 16:24:00,40,counter
K00000026,P001830,T0000008,R001,2025-10-08 16:39:00,40,card_tap
K00000027,P038282,T0000008,R001,2025-10-08 16:26:00,50,mobile_app
K00000028,P017918,T0000008,R001,2025-10-08 16:41:00,30,card_tap
K00000029,P015356,T0000010,R001,2025-10-09 06:55:00,80,card_tap
K00000030,P021848,T0000010,R001,2025-10-09 06:59:00,30,mobile_app
K00000031,P048266,T0000010,R001,2025-10-09 06:59:00,30,mobile_app
K00000032,P003094,T0000010,R001,2025-10-09 06:49:00,50,counter
K00000033,P027447,T0000011,R001,2025-10-09 12:37:00,40,mobile_app
K00000034,P015080,T0000011,R001,2025-10-09 12:37:00,50,mobile_app
K00000035,P013947,T0000011,R001,2025-10-09 12:41:00,50,counter
K00000036,P012031,T0000012,R001,2025-10-09 08:08:00,80,mobile_app
K00000037,P042324,T0000012,R001,2025-10-09 08:02:00,65,card_tap
K00000038,P044383,T0000012,R001,2025-10-09 08:07:00,50,mobile_app
K00000039,P036113,T0000013,R001,2025-10-09 21:33:00,40,card_tap
K00000040,P025619,T0000013,R001,2025-10-09 21:35:00,30,card_tap
K00000041,P011112,T0000013,R001,2025-10-09 21:25:00,50,mobile_app
K00000042,P025589,T0000013,R001,2025-10-09 21:32:00,80,card_tap
K00000043,P034193,T0000013,R001,2025-10-09 21:35:00,80,mobile_app
K00000044,P040731,T0000014,R001,2025-10-09 12:41:00,40,card_tap
K00000045,P016300,T0000014,R001,2025-10-09 12:45:00,65,mobile_app
K00000046,P046772,T0000014,R001,2025-10-09 12:45:00,65,card_tap
K00000047,P024605,T0000015,R001,2025-10-11 15:11:00,80,mobile_app
K00000048,P035796,T0000015,R001,2025-10-11 15:05:00,65,mobile_app
K00000049,P031165,T0000016,R001,2025-10-13 18:30:00,40,mobile_app
K00000050,P001935,T0000016,R001,2025-10-13 18:20:00,65,card_tap
K00000051,P021895,T0000016,R001,2025-10-13 18:30:00,65,card_tap
K00000052,P034640,T0000016,R001,2025-10-13 18:28:00,80,counter
K00000053,P024155,T0000016,R001,2025-10-13 18:24:00,65,card_tap
K00000054,P008609,T0000016,R001,2025-10-13 18:29:00,80,mobile_app
K00000055,P049522,T0000017,R001,2025-10-13 17:15:00,30,card_tap
K00000056,P046205,T0000017,R001,2025-10-13 17:21:00,50,card_tap
K00000057,P045993,T0000017,R001,2025-10-13 17:15:00,65,card_tap
K00000058,P049527,T0000017,R001,2025-10-13 17:13:00,65,card_tap
K00000059,P038713,T0000017,R001,2025-10-13 17:31:00,65,counter
K00000060,P007425,T0000017,R001,2025-10-13 17:24:00,30,mobile_app
K00000061,P037515,T0000017,R001,2025-10-13 17:31:00,30,card_tap
K00000062,P029923,T0000018,R001,2025-10-13 16:41:00,65,card_tap
K00000063,P049666,T0000018,R001,2025-10-13 16:39:00,30,mobile_app
K00000064,P038014,T0000019,R001,2025-10-13 11:53:00,50,card_tap
K00000065,P038841,T0000019,R001,2025-10-13 11:46:00,50,card_tap
K00000066,P039253,T0000019,R001,2025-10-13 11:53:00,30,card_tap
K00000067,P042048,T0000020,R001,2025-10-15 06:29:00,50,mobile_app
K00000068,P027436,T0000020,R001,2025-10-15 06:30:00,50,counter
K00000069,P042775,T0000020,R001,2025-10-15 06:32:00,65,mobile_app
K00000070,P010036,T0000020,R001,2025-10-15 06:35:00,80,mobile_app
K00000071,P043567,T0000020,R001,2025-10-15 06:36:00,80,card_tap
K00000072,P001708,T0000021,R001,2025-10-16 20:38:00,80,card_tap
K00000073,P037160,T0000021,R001,2025-10-16 20:36:00,30,card_tap
K00000074,P045611,T0000021,R001,2025-10-16 20:44:00,50,counter
K00000075,P043250,T0000021,R001,2025-10-16 20:36:00,30,mobile_app
K00000076,P010340,T0000021,R001,2025-10-16 20:35:00,65,card_tap
K00000077,P013724,T0000022,R001,2025-10-16 12:33:00,40,counter
K00000078,P038144,T0000022,R001,2025-10-16 12:45:00,65,card_tap
K00000079,P011018,T0000022,R001,2025-10-16 12:47:00,65,card_tap
K00000080,P022724,T0000022,R001,2025-10-16 12:41:00,40,card_tap
K00000081,P042851,T0000022,R001,2025-10-16 12:41:00,50,mobile_app
K00000082,P037183,T0000023,R001,2025-10-16 15:34:00,50,card_tap
K00000083,P039391,T0000023,R001,2025-10-16 15:33:00,80,card_tap
K00000084,P023967,T0000023,R001,2025-10-16 15:31:00,30,counter
K00000085,P018636,T0000024,R001,2025-10-17 13:38:00,40,counter
K00000086,P033255,T0000024,R001,2025-10-17 13:41:00,80,mobile_app
K00000087,P048574,T0000024,R001,2025-10-17 13:49:00,50,card_tap
K00000088,P006173,T0000024,R001,2025-10-17 13:33:00,65,card_tap
K00000089,P022022,T0000024,R001,2025-10-17 13:39:00,50,mobile_app
K00000090,P039524,T0000025,R001,2025-10-18 11:52:00,80,card_tap
K00000091,P032846,T0000025,R001,2025-10-18 11:50:00,40,card_tap
K00000092,P025282,T0000026,R001,2025-10-19 12:38:00,40,card_tap
K00000093,P041111,T0000026,R001,2025-10-19 12:39:00,50,card_tap
K00000094,P042164,T0000026,R001,2025-10-19 12:47:00,65,mobile_app
K00000095,P002402,T0000026,R001,2025-10-19 12:53:00,65,mobile_app
K00000096,P042212,T0000027,R001,2025-10-22 18:45:00,40,counter
K00000097,P006543,T0000027,R001,2025-10-22 18:46:00,50,mobile_app
K00000098,P014643,T0000027,R001,2025-10-22 18:43:00,40,mobile_app
K00000099,P008385,T0000027,R001,2025-10-22 18:48:00,40,card_tap
K00000100,P009948,T0000028,R001,2025-10-23 16:29:00,30,card_tap
K00000101,P016628,T0000028,R001,2025-10-23 16:32:00,40,mobile_app
K00000102,P046057,T0000029,R001,2025-10-25 16:39:00,50,mobile_app
K00000103,P015875,T0000029,R001,2025-10-25 16:33:00,30,mobile_app
K00000104,P042664,T0000029,R001,2025-10-25 16:44:00,50,card_tap
K00000105,P023125,T0000030,R001,2025-10-25 11:15:00,65,card_tap
K00000106,P011358,T0000030,R001,2025-10-25 11:13:00,65,mobile_app
K00000107,P009588,T0000030,R001,2025-10-25 11:23:00,40,counter
K00000108,P041478,T0000031,R001,2025-10-26 19:17:00,80,counter
K00000109,P033868,T0000031,R001,2025-10-26 19:22:00,80,card_tap
K00000110,P011277,T0000032,R001,2025-10-27 17:54:00,65,card_tap
K00000111,P019723,T0000032,R001,2025-10-27 17:55:00,40,counter
K00000112,P030061,T0000032,R001,2025-10-27 17:56:00,40,card_tap
K00000113,P032977,T0000032,R001,2025-10-27 18:03:00,65,mobile_app
K00000114,P005726,T0000032,R001,2025-10-27 18:05:00,50,card_tap
K00000115,P026110,T0000032,R001,2025-10-27 18:01:00,65,counter
K00000116,P043211,T0000032,R001,2025-10-27 18:06:00,80,card_tap
K00000117,P007389,T0000033,R001,2025-10-27 18:34:00,30,card_tap
K00000118,P031206,T0000033,R001,2025-10-27 18:28:00,40,card_tap
K00000119,P030609,T0000033,R001,2025-10-27 18:37:00,65,card_tap
K00000120,P028067,T0000033,R001,2025-10-27 18:41:00,50,card_tap
K00000121,P011784,T0000033,R001,2025-10-27 18:32:00,50,card_tap
K00000122,P006169,T0000033,R001,2025-10-27 18:35:00,30,card_tap
K00000123,P009063,T0000034,R001,2025-10-27 16:50:00,40,mobile_app
K00000124,P017907,T0000034,R001,2025-10-27 17:06:00,80,mobile_app
K00000125,P025653,T0000034,R001,2025-10-27 16:54:00,50,card_tap
K00000126,P032066,T0000034,R001,2025-10-27 16:49:00,65,counter
K00000127,P025390,T0000034,R001,2025-10-27 17:05:00,40,mobile_app
K00000128,P003362,T0000034,R001,2025-10-27 17:01:00,80,counter
K00000129,P029655,T0000035,R001,2025-10-27 22:01:00,40,card_tap
K00000130,P003248,T0000035,R001,2025-10-27 21:50:00,65,card_tap
K00000131,P008423,T0000035,R001,2025-10-27 21:46:00,40,card_tap
K00000132,P026645,T0000035,R001,2025-10-27 22:02:00,50,card_tap
K00000133,P020521,T0000035,R001,2025-10-27 21:47:00,50,card_tap
K00000134,P006046,T0000036,R001,2025-10-28 17:04:00,40,counter
K00000135,P019298,T0000036,R001,2025-10-28 17:09:00,30,counter
K00000136,P044121,T0000036,R001,2025-10-28 17:20:00,40,card_tap
K00000137,P016812,T0000036,R001,2025-10-28 17:16:00,30,card_tap
K00000138,P048088,T0000036,R001,2025-10-28 17:17:00,30,mobile_app
K00000139,P001623,T0000037,R001,2025-10-28 17:03:00,50,card_tap
K00000140,P009832,T0000037,R001,2025-10-28 17:06:00,30,mobile_app
K00000141,P042566,T0000037,R001,2025-10-28 17:05:00,65,card_tap
K00000142,P022733,T0000037,R001,2025-10-28 17:09:00,80,mobile_app
K00000143,P010607,T0000037,R001,2025-10-28 16:58:00,65,counter
K00000144,P049128,T0000037,R001,2025-10-28 17:09:00,40,card_tap
K00000145,P032314,T0000037,R001,2025-10-28 17:15:00,80,mobile_app
K00000146,P009853,T0000038,R001,2025-10-29 08:36:00,50,counter
K00000147,P041189,T0000038,R001,2025-10-29 08:27:00,65,card_tap
K00000148,P030907,T0000038,R001,2025-10-29 08:26:00,30,card_tap
K00000149,P020331,T0000039,R001,2025-10-29 08:44:00,50,mobile_app
K00000150,P033134,T0000039,R001,2025-10-29 08:36:00,40,card_tap
K00000151,P035589,T0000039,R001,2025-10-29 08:34:00,40,card_tap
K00000152,P028056,T0000040,R001,2025-10-30 05:24:00,40,mobile_app
K00000153,P020827,T0000040,R001,2025-10-30 05:33:00,30,mobile_app
K00000154,P038854,T0000040,,2025-10-30 05:32:00,80,card_tap
K00000155,P043212,T0000040,R001,2025-10-30 05:33:00,30,card_tap
K00000156,P004443,T0000041,R001,2025-11-01 07:37:00,40,mobile_app
K00000157,P023726,T0000041,R001,2025-11-01 07:24:00,30,counter
K00000158,P008934,T0000041,R001,2025-11-01 07:35:00,40,mobile_app
K00000159,P043608,T0000041,R001,2025-11-01 07:32:00,30,mobile_app
K00000160,P044418,T0000041,R001,2025-11-01 07:23:00,65,card_tap
K00000161,P014453,T0000042,R001,2025-11-02 13:51:00,40,card_tap
K00000162,P011680,T0000043,R001,2025-11-03 20:02:00,40,card_tap
K00000163,P045251,T0000043,R001,2025-11-03 19:53:00,80,mobile_app
K00000164,P044905,T0000043,R001,2025-11-03 19:46:00,30,card_tap
K00000165,P018632,T0000043,R001,2025-11-03 19:53:00,30,card_tap
K00000166,P008268,T0000043,R001,2025-11-03 19:55:00,30,card_tap
K00000167,P015963,T0000043,R001,2025-11-03 19:59:00,40,card_tap
K00000168,P040375,T0000043,R001,2025-11-03 19:51:00,40,mobile_app
K00000169,P029381,T0000043,R001,2025-11-03 19:52:00,30,card_tap
K00000170,P048230,T0000043,R001,2025-11-03 19:49:00,50,card_tap
K00000171,P049691,T0000044,R001,2025-11-04 19:55:00,30,counter
K00000172,P046914,T0000044,R001,2025-11-04 19:54:00,50,card_tap
K00000173,P023389,T0000044,R001,2025-11-04 19:51:00,40,card_tap
K00000174,P049212,T0000044,R001,2025-11-04 19:53:00,30,card_tap
K00000175,P000936,T0000044,R001,2025-11-04 19:47:00,80,mobile_app
K00000176,P019164,T0000045,R001,2025-11-04 17:03:00,50,counter
K00000177,P041109,T0000045,R001,2025-11-04 17:14:00,50,card_tap
K00000178,P003609,T0000045,R001,2025-11-04 17:07:00,40,card_tap
K00000179,P028572,T0000045,R001,2025-11-04 17:03:00,50,card_tap
K00000180,P047425,T0000045,R001,2025-11-04 16:59:00,40,card_tap
K00000181,P000698,T0000045,R001,2025-11-04 17:02:00,40,mobile_app
K00000182,P044792,T0000045,R001,2025-11-04 17:04:00,30,card_tap
K00000183,P048475,T0000046,R001,2025-11-05 06:17:00,40,card_tap
K00000184,P034163,T0000046,R001,2025-11-05 06:17:00,30,card_tap
K00000185,P014133,T0000047,R001,2025-11-05 06:39:00,80,card_tap
K00000186,P043461,T0000047,R001,2025-11-05 06:47:00,50,mobile_app
K00000187,P040930,T0000048,R001,2025-11-05 08:58:00,80,card_tap
K00000188,P042629,T0000048,R001,2025-11-05 09:06:00,65,card_tap
K00000189,P043008,T0000048,R001,2025-11-05 08:59:00,30,card_tap
K00000190,P004915,T0000048,R001,2025-11-05 08:53:00,80,counter
K00000191,P036942,T0000048,R001,2025-11-05 09:02:00,40,counter
K00000192,P027996,T0000048,R001,2025-11-05 08:58:00,65,card_tap
K00000193,P031962,T0000048,R001,2025-11-05 08:48:00,50,card_tap
K00000194,P040029,T0000048,R001,2025-11-05 09:01:00,65,card_tap
K00000195,P012301,T0000049,R001,2025-11-05 21:53:00,65,card_tap
K00000196,P031002,T0000049,R001,2025-11-05 22:00:00,40,mobile_app
K00000197,P039568,T0000050,R001,2025-11-06 22:22:00,40,card_tap
K00000198,P028891,T0000050,R001,2025-11-06 22:25:00,40,card_tap
K00000199,P043219,T0000050,R001,2025-11-06 22:13:00,65,mobile_app
K00000200,P023405,T0000050,R001,2025-11-06 22:20:00,80,card_tap
K00000201,P048657,T0000050,R001,2025-11-06 22:21:00,30,mobile_app
K00000202,P030510,T0000050,R001,2025-11-06 22:19:00,80,card_tap
K00000203,P010365,T0000050,R001,2025-11-06 22:17:00,65,card_tap
K00000204,P041702,T0000050,R001,2025-11-06 22:19:00,30,mobile_app
K00000205,P047998,T0000051,R001,2025-11-06 18:13:00,80,card_tap
K00000206,P047321,T0000051,R001,2025-11-06 18:07:00,50,card_tap
K00000207,P021288,T0000051,R001,2025-11-06 18:10:00,65,card_tap
K00000208,P044918,T0000051,R001,2025-11-06 18:11:00,40,mobile_app
K00000209,P017931,T0000051,R001,2025-11-06 18:10:00,40,mobile_app
K00000210,P017320,T0000052,R001,2025-11-07 09:35:00,80,mobile_app
K00000211,P001863,T0000052,R001,2025-11-07 09:52:00,80,card_tap
K00000212,P031526,T0000052,R001,2025-11-07 09:38:00,40,mobile_app
K00000213,P002238,T0000052,R001,2025-11-07 09:52:00,40,card_tap
K00000214,P001862,T0000052,R001,2025-11-07 09:51:00,30,card_tap
K00000215,P004652,T0000052,R001,2025-11-07 09:41:00,40,mobile_app
K00000216,P016606,T0000053,R001,2025-11-10 18:34:00,40,card_tap
K00000217,P037434,T0000053,R001,2025-11-10 18:38:00,80,card_tap
K00000218,P014599,T0000053,R001,2025-11-10 18:40:00,40,card_tap
K00000219,P006353,T0000053,R001,2025-11-10 18:32:00,30,mobile_app
K00000220,P045266,T0000053,R001,2025-11-10 18:40:00,65,card_tap
K00000221,P018492,T0000054,R001,2025-11-10 12:53:00,40,mobile_app
K00000222,P025268,T0000054,R001,2025-11-10 12:42:00,30,mobile_app
K00000223,P011098,T0000054,R001,2025-11-10 12:48:00,65,card_tap
K00000224,P025182,T0000054,R001,2025-11-10 12:52:00,65,card_tap
K00000225,P011556,T0000055,R001,2025-11-11 18:36:00,65,card_tap
K00000226,P048457,T0000055,R001,2025-11-11 18:34:00,40,card_tap
K00000227,P038199,T0000056,R001,2025-11-11 08:42:00,40,card_tap
K00000228,P030531,T0000056,R001,2025-11-11 09:00:00,65,card_tap
K00000229,P009087,T0000056,R001,2025-11-11 08:42:00,65,counter
K00000230,P009968,T0000056,R001,2025-11-11 08:59:00,50,card_tap
K00000231,P003110,T0000056,R001,2025-11-11 08:51:00,50,card_tap
K00000232,P034321,T0000057,R001,2025-11-11 05:32:00,40,counter
K00000233,P013426,T0000057,R001,2025-11-11 05:14:00,40,counter
K00000234,P032823,T0000057,R001,2025-11-11 05:20:00,30,card_tap
K00000235,P020082,T0000057,R001,2025-11-11 05:31:00,30,card_tap
K00000236,P002728,T0000057,R001,2025-11-11 05:19:00,80,mobile_app
K00000237,P029081,T0000057,R001,2025-11-11 05:20:00,30,card_tap
K00000238,P020454,T0000057,R001,2025-11-11 05:19:00,80,mobile_app
K00000239,P048914,T0000058,R001,2025-11-12 05:56:00,50,counter
K00000240,P009930,T0000058,R001,2025-11-12 05:52:00,65,card_tap
K00000241,P032931,T0000059,R001,2025-11-12 12:21:00,50,card_tap
K00000242,P020520,T0000059,R001,2025-11-12 12:16:00,80,mobile_app
K00000243,P029976,T0000060,R001,2025-11-13 18:02:00,80,counter
K00000244,P011086,T0000060,R001,2025-11-13 17:57:00,40,card_tap
K00000245,P017696,T0000060,R001,2025-11-13 17:58:00,30,mobile_app
K00000246,P009877,T0000060,R001,2025-11-13 17:58:00,65,counter
K00000247,P035023,T0000060,R001,2025-11-13 17:54:00,65,card_tap
K00000248,P023379,T0000060,R001,2025-11-13 17:52:00,30,mobile_app
K00000249,P014682,T0000060,R001,2025-11-13 17:56:00,30,mobile_app
K00000250,P037907,T0000060,R001,2025-11-13 17:59:00,30,mobile_app
K00000251,P029575,T0000061,R001,2025-11-14 11:22:00,40,card_tap
K00000252,P027937,T0000061,R001,2025-11-14 11:23:00,80,card_tap
K00000253,P024902,T0000061,R001,2025-11-14 11:16:00,80,mobile_app
K00000254,P019080,T0000061,R001,2025-11-14 11:17:00,40,mobile_app
K00000255,P027609,T0000061,R001,2025-11-14 11:20:00,40,card_tap
K00000256,P012277,T0000062,R001,2025-11-16 11:22:00,80,mobile_app
K00000257,P044209,T0000062,R001,2025-11-16 11:20:00,40,card_tap
K00000258,P009376,T0000063,R001,2025-11-17 07:08:00,40,mobile_app
K00000259,P027071,T0000063,R001,2025-11-17 07:18:00,30,mobile_app
K00000260,P012470,T0000063,R001,2025-11-17 07:08:00,30,mobile_app
K00000261,P000471,T0000063,R001,2025-11-17 07:11:00,50,card_tap
K00000262,P030671,T0000063,R001,2025-11-17 07:18:00,80,card_tap
K00000263,P038156,T0000064,R001,2025-11-17 09:49:00,30,card_tap
K00000264,P013965,T0000064,R001,2025-11-17 10:04:00,30,card_tap
K00000265,P041373,T0000064,R001,2025-11-17 09:54:00,50,card_tap
K00000266,P022015,T0000065,R001,2025-11-18 09:47:00,30,card_tap
K00000267,P001198,T0000065,R001,2025-11-18 10:01:00,30,mobile_app
K00000268,P032500,T0000065,R001,2025-11-18 09:54:00,80,card_tap
K00000269,P049541,T0000065,R001,2025-11-18 10:05:00,50,card_tap
K00000270,P009726,T0000066,R001,2025-11-18 07:33:00,30,card_tap
K00000271,P033021,T0000066,R001,2025-11-18 07:24:00,80,card_tap
K00000272,P012631,T0000066,R001,2025-11-18 07:33:00,40,card_tap
K00000273,P004457,T0000066,R001,2025-11-18 07:28:00,30,card_tap
K00000274,P015864,T0000066,R001,2025-11-18 07:25:00,40,card_tap
K00000275,P041551,T0000067,R001,2025-11-18 13:30:00,30,card_tap
K00000276,P012990,T0000067,R001,2025-11-18 13:39:00,50,counter
K00000277,P016310,T0000067,R001,2025-11-18 13:28:00,40,mobile_app
K00000278,P004894,T0000067,R001,2025-11-18 13:31:00,65,mobile_app
K00000279,P019607,T0000067,R001,2025-11-18 13:26:00,50,mobile_app
K00000280,P049151,T0000067,R001,2025-11-18 13:36:00,30,card_tap
K00000281,P028382,T0000068,R001,2025-11-19 10:25:00,40,card_tap
K00000282,P004460,T0000068,R001,2025-11-19 10:17:00,50,mobile_app
K00000283,P027121,T0000068,R001,2025-11-19 10:20:00,40,card_tap
K00000284,P034256,T0000068,R001,2025-11-19 10:22:00,50,card_tap
K00000285,P014174,T0000069,R001,2025-11-20 16:39:00,30,mobile_app
K00000286,P016601,T0000069,R001,2025-11-20 16:25:00,40,mobile_app
K00000287,P026423,T0000070,R001,2025-11-20 11:27:00,65,mobile_app
K00000288,P001108,T0000070,R001,2025-11-20 11:22:00,65,card_tap
K00000289,P025686,T0000070,R001,2025-11-20 11:21:00,80,card_tap
K00000290,P004305,T0000071,R001,2025-11-20 05:38:00,50,card_tap
K00000291,P045383,T0000071,R001,2025-11-20 05:53:00,30,card_tap
K00000292,P026834,T0000071,R001,2025-11-20 05:36:00,80,card_tap
K00000293,P048451,T0000071,R001,2025-11-20 05:54:00,50,card_tap
K00000294,P011168,T0000071,R001,2025-11-20 05:50:00,65,card_tap
K00000295,P021807,T0000072,R001,2025-11-20 17:45:00,40,card_tap
K00000296,P024127,T0000072,R001,2025-11-20 17:43:00,30,card_tap
K00000297,P021387,T0000072,R001,2025-11-20 17:48:00,50,card_tap
K00000298,P030021,T0000073,R001,2025-11-21 08:18:00,40,card_tap
K00000299,P038837,T0000073,R001,2025-11-21 08:07:00,65,counter
K00000300,P044689,T0000073,R001,2025-11-21 08:13:00,40,counter
K00000301,P017351,T0000073,R001,2025-11-21 08:13:00,80,counter
K00000302,P000159,T0000073,R001,2025-11-21 08:11:00,30,mobile_app
K00000303,P003536,T0000074,R001,2025-11-23 11:48:00,30,card_tap
K00000304,P020015,T0000074,R001,2025-11-23 11:37:00,65,card_tap
K00000305,P038071,T0000074,R001,2025-11-23 11:46:00,50,card_tap
K00000306,P025651,T0000075,R001,2025-11-23 15:58:00,50,mobile_app
K00000307,P022019,T0000075,R001,2025-11-23 16:05:00,50,card_tap
K00000308,P024836,T0000075,R001,2025-11-23 16:12:00,50,card_tap
K00000309,P007616,T0000076,R001,2025-11-24 17:39:00,50,mobile_app
K00000310,P038367,T0000076,R001,2025-11-24 17:52:00,80,mobile_app
K00000311,P003605,T0000076,R001,2025-11-24 17:55:00,80,card_tap
K00000312,P038776,T0000076,R001,2025-11-24 17:53:00,40,card_tap
K00000313,P013995,T0000076,R001,2025-11-24 17:49:00,80,card_tap
K00000314,P018933,T0000076,R001,2025-11-24 17:53:00,80,card_tap
K00000315,P000159,T0000077,R001,2025-11-24 10:26:00,65,card_tap
K00000316,P036414,T0000077,R001,2025-11-24 10:28:00,80,card_tap
K00000317,P008864,T0000078,R001,2025-11-25 12:43:00,80,card_tap
K00000318,P038145,T0000078,R001,2025-11-25 12:37:00,30,card_tap
K00000319,P029172,T0000078,R001,2025-11-25 12:40:00,65,mobile_app
K00000320,P025273,T0000078,R001,2025-11-25 12:45:00,80,card_tap
K00000321,P036260,T0000078,R001,2025-11-25 12:33:00,40,card_tap
K00000322,P033730,T0000079,R001,2025-11-25 08:19:00,30,card_tap
K00000323,P028064,T0000079,R001,2025-11-25 08:24:00,40,card_tap
K00000324,P025228,T0000079,R001,2025-11-25 08:21:00,50,mobile_app
K00000325,P018235,T0000079,R001,2025-11-25 08:11:00,65,mobile_app
K00000326,P044711,T0000079,R001,2025-11-25 08:22:00,80,card_tap
K00000327,P041600,T0000080,R001,2025-11-25 17:13:00,80,card_tap
K00000328,P029073,T0000080,R001,2025-11-25 17:04:00,40,card_tap
K00000329,P045168,T0000080,R001,2025-11-25 17:10:00,40,mobile_app
K00000330,P015104,T0000080,R001,2025-11-25 17:16:00,40,card_tap
K00000331,P020251,T0000080,R001,2025-11-25 17:03:00,65,card_tap
K00000332,P048809,T0000080,R001,2025-11-25 17:17:00,40,mobile_app
K00000333,P036274,T0000080,R001,2025-11-25 17:18:00,40,card_tap
K00000334,P040266,T0000080,R001,2025-11-25 17:02:00,30,mobile_app
K00000335,P006014,T0000081,R001,2025-11-26 18:40:00,40,card_tap
K00000336,P047177,T0000081,R001,2025-11-26 18:42:00,40,card_tap
K00000337,P008427,T0000081,R001,2025-11-26 18:43:00,50,card_tap
K00000338,P011968,T0000081,R001,2025-11-26 18:36:00,40,counter
K00000339,P011907,T0000081,R001,2025-11-26 18:30:00,30,mobile_app
K00000340,P024985,T0000082,R001,2025-11-26 21:12:00,50,mobile_app
K00000341,P034410,T0000082,R001,2025-11-26 21:11:00,50,counter
K00000342,P041750,T0000083,R001,2025-11-26 14:18:00,50,card_tap
K00000343,P044579,T0000083,R001,2025-11-26 14:28:00,80,counter
K00000344,P040999,T0000084,R001,2025-11-27 07:44:00,30,card_tap
K00000345,P040200,T0000084,R001,2025-11-27 08:02:00,30,card_tap
K00000346,P041853,T0000084,R001,2025-11-27 07:49:00,50,mobile_app
K00000347,P039189,T0000084,R001,2025-11-27 08:00:00,40,card_tap
K00000348,P029978,T0000085,R001,2025-11-27 12:26:00,65,mobile_app
K00000349,P014311,T0000085,R001,2025-11-27 12:18:00,65,card_tap
K00000350,P029307,T0000085,R001,2025-11-27 12:14:00,65,mobile_app
K00000351,P026665,T0000086,R001,2025-11-28 12:04:00,65,mobile_app
K00000352,P039862,T0000086,R001,2025-11-28 11:58:00,50,mobile_app
K00000353,P017623,T0000086,R001,2025-11-28 12:15:00,80,counter
K00000354,P031174,T0000087,R001,2025-11-28 22:25:00,40,card_tap
K00000355,P023649,T0000087,R001,2025-11-28 22:29:00,40,card_tap
K00000356,P032426,T0000087,R001,2025-11-28 22:18:00,80,mobile_app
K00000357,P017463,T0000087,R001,2025-11-28 22:17:00,50,card_tap
K00000358,P004208,T0000087,R001,2025-11-28 22:32:00,65,card_tap
K00000359,P041935,T0000087,R001,2025-11-28 22:24:00,30,card_tap
K00000360,P016123,T0000087,R001,2025-11-28 22:19:00,80,card_tap
K00000361,P040687,T0000089,R001,2025-11-28 18:21:00,30,card_tap
K00000362,P045781,T0000089,R001,2025-11-28 18:21:00,30,card_tap
K00000363,P009804,T0000089,R001,2025-11-28 18:18:00,50,card_tap
K00000364,P000313,T0000089,R001,2025-11-28 18:19:00,40,counter
K00000365,P040998,T0000089,R001,2025-11-28 18:21:00,50,card_tap
K00000366,P010038,T0000090,R001,2025-11-29 13:38:00,50,card_tap
K00000367,P027874,T0000090,R001,2025-11-29 13:44:00,40,mobile_app
K00000368,P020995,T0000090,R001,2025-11-29 13:32:00,40,card_tap
K00000369,P004414,T0000090,R001,2025-11-29 13:46:00,40,mobile_app
K00000370,P040336,T0000091,R001,2025-11-29 10:34:00,65,card_tap
K00000371,P021435,T0000091,R001,2025-11-29 10:18:00,80,mobile_app
K00000372,P035298,T0000091,R001,2025-11-29 10:35:00,65,card_tap
K00000373,P016828,T0000091,R001,2025-11-29 10:22:00,40,mobile_app
K00000374,P019849,T0000092,R001,2025-11-29 20:48:00,80,card_tap
K00000375,P018984,T0000092,R001,2025-11-29 20:50:00,40,mobile_app
K00000376,P008840,T0000093,R001,2025-11-29 20:28:00,65,counter
K00000377,P033018,T0000093,R001,2025-11-29 20:22:00,80,mobile_app
K00000378,P003510,T0000093,R001,2025-11-29 20:21:00,30,card_tap
K00000379,P012699,T0000094,R001,2025-11-30 11:40:00,80,card_tap
K00000380,P033819,T0000094,R001,2025-11-30 11:35:00,40,mobile_app
K00000381,P026452,T0000094,R001,2025-11-30 11:49:00,65,mobile_app
K00000382,P046265,T0000094,R001,2025-11-30 11:47:00,40,mobile_app
K00000383,P046651,T0000094,R001,2025-11-30 11:40:00,50,mobile_app
K00000384,P027829,T0000095,R001,2025-12-01 17:47:00,30,counter
K00000385,P021580,T0000095,R001,2025-12-01 17:53:00,40,card_tap
K00000386,P030482,T0000095,R001,2025-12-01 17:58:00,50,card_tap
K00000387,P014530,T0000095,R001,2025-12-01 17:59:00,30,mobile_app
K00000388,P047301,T0000095,R001,2025-12-01 17:58:00,80,card_tap
K00000389,P046756,T0000095,R001,2025-12-01 17:53:00,50,card_tap
K00000390,P008017,T0000096,R001,2025-12-01 17:13:00,65,mobile_app
K00000391,P000493,T0000096,R001,2025-12-01 17:13:00,65,card_tap
K00000392,P015199,T0000096,R001,2025-12-01 17:25:00,80,mobile_app
K00000393,P027976,T0000096,R001,2025-12-01 17:26:00,80,mobile_app
K00000394,P026046,T0000096,R001,2025-12-01 17:21:00,65,card_tap
K00000395,P040088,T0000096,R001,2025-12-01 17:27:00,80,mobile_app
K00000396,P016050,T0000096,R001,2025-12-01 17:26:00,65,mobile_app
K00000397,P024513,T0000096,R001,2025-12-01 17:14:00,65,card_tap
K00000398,P001876,T0000097,R001,2025-12-02 14:09:00,40,mobile_app
K00000399,P047620,T0000097,R001,2025-12-02 14:12:00,80,counter
K00000400,P043997,T0000097,R001,2025-12-02 14:04:00,80,card_tap
K00000401,P019215,T0000097,R001,2025-12-02 14:07:00,80,card_tap
K00000402,P022433,T0000097,R001,2025-12-02 14:13:00,65,card_tap
K00000403,P016040,T0000097,R001,2025-12-02 14:04:00,65,mobile_app
K00000404,P004787,T0000098,R001,2025-12-02 18:08:00,80,card_tap
K00000405,P018814,T0000099,R001,2025-12-02 12:24:00,40,counter
K00000406,P046129,T0000099,R001,2025-12-02 12:28:00,40,mobile_app
K00000407,P007867,T0000100,R001,2025-12-02 14:42:00,65,counter
K00000408,P007299,T0000100,R001,2025-12-02 14:33:00,80,card_tap
K00000409,P036158,T0000101,R001,2025-12-02 08:28:00,65,card_tap
K00000410,P018385,T0000101,R001,2025-12-02 08:23:00,30,card_tap
K00000411,P040479,T0000101,R001,2025-12-02 08:31:00,65,card_tap
K00000412,P038520,T0000101,R001,2025-12-02 08:24:00,30,card_tap
K00000413,P002101,T0000101,R001,2025-12-02 08:30:00,30,card_tap
K00000414,P019409,T0000101,R001,2025-12-02 08:31:00,30,mobile_app
K00000415,P014352,T0000102,R001,2025-12-03 23:09:00,80,mobile_app
K00000416,P014808,T0000102,R001,2025-12-03 23:10:00,50,card_tap
K00000417,P008119,T0000102,R001,2025-12-03 23:12:00,30,mobile_app
K00000418,P005593,T0000103,R001,2025-12-03 06:57:00,30,card_tap
K00000419,P046651,T0000103,R001,2025-12-03 07:15:00,30,card_tap
K00000420,P018479,T0000103,R001,2025-12-03 07:04:00,30,card_tap
K00000421,P038464,T0000103,R001,2025-12-03 07:04:00,40,card_tap
K00000422,P049176,T0000103,R001,2025-12-03 07:13:00,30,card_tap
K00000423,P049903,T0000103,R001,2025-12-03 07:04:00,30,mobile_app
K00000424,P031491,T0000103,R001,2025-12-03 07:03:00,80,counter
K00000425,P045104,T0000103,R001,2025-12-03 07:13:00,40,card_tap
K00000426,P013524,T0000103,R001,2025-12-03 07:03:00,40,mobile_app
K00000427,P021670,T0000103,R001,2025-12-03 07:07:00,80,counter
K00000428,P041632,T0000103,R001,2025-12-03 07:07:00,40,mobile_app
K00000429,P031327,T0000104,R001,2025-12-03 07:07:00,50,card_tap
K00000430,P029794,T0000104,R001,2025-12-03 07:11:00,65,card_tap
K00000431,P009784,T0000104,R001,2025-12-03 07:03:00,50,card_tap
K00000432,P012387,T0000104,R001,2025-12-03 07:09:00,30,mobile_app
K00000433,P026011,T0000104,R001,2025-12-03 07:10:00,80,card_tap
K00000434,P001517,T0000104,R001,2025-12-03 07:08:00,80,counter
K00000435,P010886,T0000104,R001,2025-12-03 07:08:00,50,card_tap
K00000436,P020334,T0000105,R001,2025-12-04 18:26:00,40,card_tap
K00000437,P021938,T0000105,R001,2025-12-04 18:13:00,50,counter
K00000438,P017696,T0000105,R001,2025-12-04 18:24:00,65,card_tap
K00000439,P001032,T0000105,R001,2025-12-04 18:19:00,30,mobile_app
K00000440,P004109,T0000106,R001,2025-12-05 16:39:00,40,card_tap
K00000441,P045230,T0000106,R001,2025-12-05 16:30:00,40,card_tap
K00000442,P040687,T0000106,R001,2025-12-05 16:24:00,30,card_tap
K00000443,P035122,T0000107,R001,2025-12-06 15:29:00,80,mobile_app
K00000444,P025523,T0000107,R001,2025-12-06 15:21:00,30,mobile_app
K00000445,P013707,T0000107,R001,2025-12-06 15:19:00,80,card_tap
K00000446,P047423,T0000108,R001,2025-12-07 07:58:00,80,card_tap
K00000447,P022030,T0000108,R001,2025-12-07 07:53:00,40,mobile_app
K00000448,P045524,T0000108,R001,2025-12-07 07:56:00,50,card_tap
K00000449,P030826,T0000108,R001,2025-12-07 07:53:00,40,counter
K00000450,P030000,T0000109,R001,2025-12-08 11:02:00,40,mobile_app
K00000451,P009308,T0000109,R001,2025-12-08 11:05:00,65,card_tap
K00000452,P002551,T0000109,R001,2025-12-08 11:04:00,30,mobile_app
K00000453,P043484,T0000109,R001,2025-12-08 11:17:00,40,card_tap
K00000454,P008636,T0000109,R001,2025-12-08 11:19:00,30,mobile_app
K00000455,P039083,T0000109,R001,2025-12-08 11:13:00,50,counter
K00000456,P010898,T0000109,R001,2025-12-08 11:09:00,65,mobile_app
K00000457,P037971,T0000110,R001,2025-12-09 14:30:00,50,counter
K00000458,P040440,T0000110,R001,2025-12-09 14:42:00,30,card_tap
K00000459,P032510,T0000110,R001,2025-12-09 14:37:00,30,mobile_app
K00000460,P046630,T0000110,R001,2025-12-09 14:36:00,40,card_tap
K00000461,P003311,T0000111,R001,2025-12-10 16:55:00,50,card_tap
K00000462,P040113,T0000111,R001,2025-12-10 16:46:00,50,card_tap
K00000463,P009009,T0000111,R001,2025-12-10 16:57:00,40,card_tap
K00000464,P007694,T0000111,R001,2025-12-10 16:44:00,50,mobile_app
K00000465,P007675,T0000111,R001,2025-12-10 16:46:00,30,card_tap
K00000466,P008069,T0000111,R001,2025-12-10 16:56:00,65,card_tap
K00000467,P018477,T0000111,R001,2025-12-10 16:50:00,30,card_tap
K00000468,P037997,T0000111,R001,2025-12-10 16:48:00,80,card_tap
K00000469,P031163,T0000112,R001,2025-12-11 09:34:00,65,card_tap
K00000470,P041892,T0000112,R001,2025-12-11 09:26:00,80,mobile_app
K00000471,P023050,T0000112,R001,2025-12-11 09:29:00,30,card_tap
K00000472,P049573,T0000112,R001,2025-12-11 09:36:00,80,mobile_app
K00000473,P000315,T0000112,R001,2025-12-11 09:35:00,50,card_tap
K00000474,P046604,T0000113,R001,2025-12-11 09:02:00,30,card_tap
K00000475,P014162,T0000113,R001,2025-12-11 08:59:00,40,mobile_app
K00000476,P018259,T0000113,R001,2025-12-11 08:45:00,65,card_tap
K00000477,P030017,T0000113,R001,2025-12-11 08:49:00,80,card_tap
K00000478,P027668,T0000114,R001,2025-12-11 07:53:00,65,card_tap
K00000479,P013733,T0000114,R001,2025-12-11 07:55:00,80,card_tap
K00000480,P021266,T0000115,R001,2025-12-12 17:53:00,50,card_tap
K00000481,P006904,T0000115,R001,2025-12-12 18:03:00,30,card_tap
K00000482,P015398,T0000115,R001,2025-12-12 17:54:00,80,card_tap
K00000483,P042917,T0000115,R001,2025-12-12 17:53:00,80,card_tap
K00000484,P038958,T0000116,R001,2025-12-13 00:43:00,40,counter
K00000485,P030822,T0000116,R001,2025-12-13 00:40:00,30,mobile_app
K00000486,P040621,T0000116,R001,2025-12-13 00:42:00,50,card_tap
K00000487,P031036,T0000117,R001,2025-12-13 14:47:00,65,mobile_app
K00000488,P038913,T0000117,R001,2025-12-13 14:39:00,40,mobile_app
K00000489,P031566,T0000117,R001,2025-12-13 14:35:00,30,card_tap
K00000490,P015837,T0000118,R001,2025-12-14 14:57:00,80,mobile_app
K00000491,P001521,T0000118,R001,2025-12-14 14:55:00,80,card_tap
K00000492,P001157,T0000118,R001,2025-12-14 14:59:00,50,mobile_app
K00000493,P012590,T0000119,R001,2025-12-15 16:44:00,30,counter
K00000494,P040318,T0000119,R001,2025-12-15 16:44:00,65,card_tap
K00000495,P014047,T0000120,R001,2025-12-17 08:37:00,40,card_tap
K00000496,P024065,T0000120,R001,2025-12-17 08:31:00,30,card_tap
K00000497,P033960,T0000120,R001,2025-12-17 08:20:00,80,card_tap
K00000498,P008961,T0000120,R001,2025-12-17 08:31:00,80,card_tap
K00000499,P042399,T0000120,R001,2025-12-17 08:25:00,40,mobile_app
K00000500,P036073,T0000121,R001,2025-12-17 12:24:00,80,card_tap
K00000501,P035481,T0000121,R001,2025-12-17 12:28:00,30,card_tap
K00000502,P008626,T0000121,R001,2025-12-17 12:25:00,30,mobile_app
K00000503,P019596,T0000121,R001,2025-12-17 12:33:00,65,card_tap
K00000504,P000753,T0000122,R001,2025-12-17 22:48:00,40,card_tap
K00000505,P014946,T0000123,R001,2025-12-18 07:44:00,30,card_tap
K00000506,P020063,T0000123,R001,2025-12-18 07:52:00,65,card_tap
K00000507,P035831,T0000123,R001,2025-12-18 07:54:00,30,counter
K00000508,P046592,T0000123,R001,2025-12-18 07:51:00,30,card_tap
K00000509,P008520,T0000123,R001,2025-12-18 07:51:00,65,card_tap
K00000510,P018389,T0000124,R001,2025-12-18 13:47:00,80,mobile_app
K00000511,P016995,T0000124,R001,2025-12-18 13:43:00,80,mobile_app
K00000512,P029361,T0000124,R001,2025-12-18 13:37:00,40,mobile_app
K00000513,P001747,T0000124,R001,2025-12-18 13:51:00,50,counter
K00000514,P038957,T0000124,R001,2025-12-18 13:43:00,40,card_tap
K00000515,P007876,T0000125,R001,2025-12-19 19:47:00,50,card_tap
K00000516,P015219,T0000125,R001,2025-12-19 19:47:00,30,card_tap
K00000517,P032353,T0000125,R001,2025-12-19 19:35:00,65,mobile_app
K00000518,P011382,T0000125,R001,2025-12-19 19:35:00,30,card_tap
K00000519,P048299,T0000125,R001,2025-12-19 19:38:00,30,mobile_app
K00000520,P045821,T0000125,R001,2025-12-19 19:35:00,65,mobile_app
K00000521,P042928,T0000125,R001,2025-12-19 19:44:00,40,mobile_app
K00000522,P004223,T0000125,R001,2025-12-19 19:31:00,40,card_tap
K00000523,P036480,T0000125,R001,2025-12-19 19:41:00,30,card_tap
K00000524,P035835,T0000125,R001,2025-12-19 19:42:00,40,card_tap
K00000525,P047623,T0000125,R001,2025-12-19 19:36:00,65,mobile_app
K00000526,P044598,T0000125,R001,2025-12-19 19:45:00,30,mobile_app
K00000527,P021412,T0000126,R001,2025-12-19 06:05:00,30,card_tap
K00000528,P025656,T0000126,R001,2025-12-19 05:55:00,80,counter
K00000529,P041243,T0000126,R001,2025-12-19 05:56:00,50,mobile_app
K00000530,P020682,T0000126,R001,2025-12-19 05:59:00,30,card_tap
K00000531,P001989,T0000126,R001,2025-12-19 05:59:00,50,mobile_app
K00000532,P042269,T0000127,R001,2025-12-20 15:30:00,40,counter
K00000533,P025978,T0000127,R001,2025-12-20 15:36:00,40,card_tap
K00000534,P011623,T0000129,R001,2025-12-21 11:08:00,50,counter
K00000535,P024239,T0000129,R001,2025-12-21 11:06:00,80,card_tap
K00000536,P004953,T0000129,R001,2025-12-21 11:00:00,80,mobile_app
K00000537,P031402,T0000130,R001,2025-12-21 14:10:00,80,card_tap
K00000538,P005248,T0000130,R001,2025-12-21 14:12:00,40,counter
K00000539,P018791,T0000131,R001,2025-12-22 18:44:00,30,mobile_app
K00000540,P007546,T0000131,R001,2025-12-22 18:50:00,65,mobile_app
K00000541,P001165,T0000131,R001,2025-12-22 18:40:00,80,card_tap
K00000542,P047002,T0000131,R001,2025-12-22 18:55:00,80,card_tap
K00000543,P023952,T0000132,R001,2025-12-22 21:22:00,40,card_tap
K00000544,P040510,T0000132,R001,2025-12-22 21:31:00,65,card_tap
K00000545,P042253,T0000132,R001,2025-12-22 21:32:00,65,card_tap
K00000546,P023317,T0000132,R001,2025-12-22 21:19:00,50,mobile_app
K00000547,P039472,T0000132,R001,2025-12-22 21:27:00,30,mobile_app
K00000548,P010931,T0000133,R001,2025-12-23 17:47:00,65,card_tap
K00000549,P024826,T0000133,R001,2025-12-23 17:42:00,80,mobile_app
K00000550,P017903,T0000133,R001,2025-12-23 17:46:00,30,card_tap
K00000551,P042172,T0000134,R001,2025-12-23 19:22:00,65,card_tap
K00000552,P016097,T0000134,R001,2025-12-23 19:20:00,40,card_tap
K00000553,P023977,T0000134,R001,2025-12-23 19:08:00,65,card_tap
K00000554,P016116,T0000134,R001,2025-12-23 19:24:00,30,card_tap
K00000555,P023142,T0000134,R001,2025-12-23 19:15:00,65,mobile_app
K00000556,P012043,T0000134,R001,2025-12-23 19:17:00,65,card_tap
K00000557,P030121,T0000134,R001,2025-12-23 19:17:00,50,card_tap
K00000558,P036833,T0000135,R001,2025-12-24 18:15:00,50,counter
K00000559,P039010,T0000135,R001,2025-12-24 18:24:00,80,card_tap
K00000560,P020489,T0000135,R001,2025-12-24 18:21:00,50,card_tap
K00000561,P046810,T0000135,R001,2025-12-24 18:28:00,65,card_tap
K00000562,P022836,T0000135,R001,2025-12-24 18:14:00,65,mobile_app
K00000563,P005613,T0000135,R001,2025-12-24 18:11:00,50,card_tap
K00000564,P040098,T0000135,R001,2025-12-24 18:26:00,40,mobile_app
K00000565,P030573,T0000136,R001,2025-12-26 15:37:00,40,card_tap
K00000566,P007391,T0000136,R001,2025-12-26 15:47:00,30,mobile_app
K00000567,P014880,T0000136,R001,2025-12-26 15:41:00,30,counter
K00000568,P036855,T0000137,R001,2025-12-26 10:36:00,80,card_tap
K00000569,P045678,T0000137,R001,2025-12-26 10:21:00,30,card_tap
K00000570,P040894,T0000137,R001,2025-12-26 10:28:00,80,card_tap
K00000571,P035966,T0000137,R001,2025-12-26 10:19:00,80,mobile_app
K00000572,P005919,T0000138,R001,2025-12-26 21:09:00,30,card_tap
K00000573,P006497,T0000138,R001,2025-12-26 21:05:00,65,card_tap
K00000574,P029857,T0000138,R001,2025-12-26 21:18:00,40,card_tap
K00000575,P039779,T0000138,R001,2025-12-26 21:05:00,40,card_tap
K00000576,P028882,T0000138,R001,2025-12-26 21:10:00,80,counter
K00000577,P034605,T0000139,R001,2025-12-27 14:30:00,50,card_tap
K00000578,P044959,T0000139,R001,2025-12-27 14:34:00,30,mobile_app
K00000579,P013625,T0000140,R001,2025-12-27 14:16:00,65,mobile_app
K00000580,P048163,T0000140,R001,2025-12-27 14:17:00,80,card_tap
K00000581,P020827,T0000140,R001,2025-12-27 14:11:00,50,card_tap
K00000582,P028772,T0000141,R001,2025-12-28 05:32:00,50,card_tap
K00000583,P045099,T0000141,R001,2025-12-28 05:37:00,65,card_tap
K00000584,P016311,T0000142,R001,2025-12-29 17:15:00,30,card_tap
K00000585,P030587,T0000142,R001,2025-12-29 17:21:00,65,card_tap
K00000586,P002483,T0000142,R001,2025-12-29 17:27:00,50,card_tap
K00000587,P003507,T0000143,R001,2025-12-29 10:55:00,30,mobile_app
K00000588,P021024,T0000143,R001,2025-12-29 10:52:00,65,counter
K00000589,P029434,T0000144,R001,2025-12-29 20:55:00,65,card_tap
K00000590,P012084,T0000144,R001,2025-12-29 20:49:00,40,mobile_app
K00000591,P020016,T0000144,R001,2025-12-29 20:43:00,40,card_tap
K00000592,P023623,T0000144,R001,2025-12-29 20:50:00,80,card_tap
K00000593,P045843,T0000144,R001,2025-12-29 20:57:00,80,mobile_app
K00000594,P039633,T0000144,R001,2025-12-29 20:50:00,50,card_tap
K00000595,P010435,T0000145,R001,2025-12-29 14:33:00,65,card_tap
K00000596,P032235,T0000146,R001,2025-12-29 09:59:00,50,card_tap
K00000597,P023979,T0000146,R001,2025-12-29 09:57:00,65,card_tap
K00000598,P038882,T0000146,R001,2025-12-29 10:11:00,30,card_tap
K00000599,P048941,T0000146,R001,2025-12-29 09:57:00,50,card_tap
K00000600,P042164,T0000146,R001,2025-12-29 09:55:00,50,card_tap
K00000601,P045253,T0000147,R001,2025-12-29 18:38:00,40,counter
K00000602,P027124,T0000147,R001,2025-12-29 18:41:00,40,mobile_app
K00000603,P004173,T0000147,R001,2025-12-29 18:46:00,50,card_tap
K00000604,P010582,T0000147,R001,2025-12-29 18:43:00,30,mobile_app
K00000605,P043864,T0000147,R001,2025-12-29 18:48:00,65,card_tap
K00000606,P002926,T0000147,R001,2025-12-29 18:50:00,50,counter
K00000607,P003591,T0000147,R001,2025-12-29 18:38:00,50,mobile_app
K00000608,P011951,T0000147,R001,2025-12-29 18:45:00,40,card_tap
K00000609,P014616,T0000148,R001,2025-12-30 14:05:00,30,card_tap
K00000610,P008713,T0000148,R001,2025-12-30 13:48:00,30,card_tap
K00000611,P014190,T0000148,R001,2025-12-30 13:59:00,40,card_tap
K00000612,P028600,T0000148,R001,2025-12-30 14:05:00,50,counter
K00000613,P000780,T0000148,R001,2025-12-30 13:48:00,80,card_tap
K00000614,P034021,T0000148,R001,2025-12-30 13:58:00,80,counter
K00000615,P026850,T0000149,R001,2025-12-30 18:12:00,65,card_tap
K00000616,P034052,T0000149,R001,2025-12-30 18:14:00,40,counter
K00000617,P007320,T0000150,R001,2026-01-02 13:05:00,80,counter
K00000618,P019890,T0000150,R001,2026-01-02 13:02:00,50,mobile_app
K00000619,P025739,T0000151,,2026-01-02 17:43:00,40,card_tap
K00000620,P019368,T0000151,R001,2026-01-02 17:32:00,50,card_tap
K00000621,P014997,T0000151,R001,2026-01-02 17:30:00,30,mobile_app
K00000622,P047919,T0000151,R001,2026-01-02 17:29:00,40,mobile_app
K00000623,P019280,T0000151,R001,2026-01-02 17:42:00,50,card_tap
K00000624,P048902,T0000151,R001,2026-01-02 17:43:00,65,card_tap
K00000625,P044722,T0000151,R001,2026-01-02 17:42:00,50,mobile_app
K00000626,P013699,T0000151,R001,2026-01-02 17:34:00,50,mobile_app
K00000627,P027708,T0000152,R001,2026-01-02 07:59:00,50,card_tap
K00000628,P000854,T0000152,R001,2026-01-02 07:54:00,30,mobile_app
K00000629,P000943,T0000152,R001,2026-01-02 07:45:00,80,mobile_app
K00000630,P047123,T0000152,R001,2026-01-02 07:53:00,30,counter
K00000631,P037258,T0000153,R001,2026-01-02 18:40:00,80,card_tap
K00000632,P011138,T0000153,R001,2026-01-02 18:51:00,80,card_tap
K00000633,P003605,T0000153,R001,2026-01-02 18:54:00,40,card_tap
K00000634,P006755,T0000153,R001,2026-01-02 18:46:00,80,card_tap
K00000635,P028226,T0000153,R001,2026-01-02 18:52:00,30,card_tap
K00000636,P015408,T0000153,R001,2026-01-02 18:55:00,30,card_tap
K00000637,P043070,T0000153,R001,2026-01-02 18:44:00,65,card_tap
K00000638,P041636,T0000154,R001,2026-01-04 14:24:00,50,mobile_app
K00000639,P017072,T0000155,R001,2026-01-05 19:39:00,80,mobile_app
K00000640,P006540,T0000155,R001,2026-01-05 19:40:00,30,card_tap
K00000641,P036090,T0000155,R001,2026-01-05 19:35:00,50,card_tap
K00000642,P020833,T0000156,R001,2026-01-05 17:14:00,30,mobile_app
K00000643,P021185,T0000156,R001,2026-01-05 17:11:00,65,mobile_app
K00000644,P012564,T0000156,R001,2026-01-05 17:28:00,50,mobile_app
K00000645,P021446,T0000156,R001,2026-01-05 17:13:00,40,card_tap
K00000646,P044502,T0000156,R001,2026-01-05 17:28:00,50,card_tap
K00000647,P038903,T0000156,R001,2026-01-05 17:16:00,30,card_tap
K00000648,P032532,T0000156,R001,2026-01-05 17:11:00,40,card_tap
K00000649,P006134,T0000157,R001,2026-01-05 18:06:00,30,card_tap
K00000650,P011300,T0000157,R001,2026-01-05 18:13:00,65,mobile_app
K00000651,P012220,T0000157,R001,2026-01-05 18:21:00,40,card_tap
K00000652,P025119,T0000157,R001,2026-01-05 18:13:00,30,card_tap
K00000653,P007769,T0000158,R001,2026-01-06 16:18:00,40,card_tap
K00000654,P047535,T0000158,R001,2026-01-06 16:26:00,40,mobile_app
K00000655,P015981,T0000158,R001,2026-01-06 16:26:00,65,card_tap
K00000656,P041872,T0000158,R001,2026-01-06 16:26:00,40,card_tap
K00000657,P013731,T0000159,R001,2026-01-07 11:32:00,30,card_tap
K00000658,P020415,T0000159,R001,2026-01-07 11:34:00,50,card_tap
K00000659,P045404,T0000159,R001,2026-01-07 11:25:00,30,card_tap
K00000660,P034734,T0000159,R001,2026-01-07 11:28:00,30,mobile_app
K00000661,P048628,T0000159,R001,2026-01-07 11:38:00,30,card_tap
K00000662,P003781,T0000159,R001,2026-01-07 11:36:00,30,mobile_app
K00000663,P042143,T0000159,R001,2026-01-07 11:36:00,50,mobile_app
K00000664,P014703,T0000159,R001,2026-01-07 11:23:00,50,card_tap
K00000665,P041811,T0000160,R001,2026-01-07 18:18:00,30,counter
K00000666,P005315,T0000160,R001,2026-01-07 18:03:00,30,mobile_app
K00000667,P001741,T0000160,R001,2026-01-07 18:09:00,30,counter
K00000668,P004135,T0000160,R001,2026-01-07 18:07:00,30,card_tap
K00000669,P047182,T0000160,R001,2026-01-07 18:14:00,50,counter
K00000670,P009432,T0000161,R001,2026-01-07 04:17:00,30,mobile_app
K00000671,P046799,T0000161,R001,2026-01-07 04:24:00,65,card_tap
K00000672,P023142,T0000161,R001,2026-01-07 04:29:00,40,mobile_app
K00000673,P001655,T0000162,R001,2026-01-09 21:38:00,50,counter
K00000674,P049611,T0000162,R001,2026-01-09 21:25:00,50,mobile_app
K00000675,P025526,T0000162,R001,2026-01-09 21:25:00,65,mobile_app
K00000676,P017124,T0000163,R001,2026-01-11 13:11:00,40,card_tap
K00000677,P007150,T0000163,R001,2026-01-11 13:05:00,80,mobile_app
K00000678,P034690,T0000163,R001,2026-01-11 13:05:00,30,card_tap
K00000679,P039847,T0000164,R001,2026-01-12 17:18:00,65,card_tap
K00000680,P022501,T0000164,R001,2026-01-12 17:22:00,40,mobile_app
K00000681,P018136,T0000164,R001,2026-01-12 17:15:00,80,card_tap
K00000682,P021851,T0000164,R001,2026-01-12 17:24:00,80,mobile_app
K00000683,P036018,T0000164,R001,2026-01-12 17:31:00,65,card_tap
K00000684,P000108,T0000164,R001,2026-01-12 17:27:00,40,card_tap
K00000685,P040537,T0000165,R001,2026-01-12 22:55:00,65,card_tap
K00000686,P035857,T0000165,R001,2026-01-12 22:49:00,50,mobile_app
K00000687,P016615,T0000165,R001,2026-01-12 22:53:00,80,card_tap
K00000688,P043901,T0000165,R001,2026-01-12 22:51:00,80,card_tap
K00000689,P048974,T0000165,R001,2026-01-12 22:50:00,40,card_tap
K00000690,P014773,T0000166,R001,2026-01-13 09:24:00,50,card_tap
K00000691,P032913,T0000166,R001,2026-01-13 09:14:00,30,card_tap
K00000692,P018601,T0000166,R001,2026-01-13 09:15:00,30,card_tap
K00000693,P034350,T0000166,R001,2026-01-13 09:24:00,50,card_tap
K00000694,P023284,T0000166,R001,2026-01-13 09:22:00,65,counter
K00000695,P038136,T0000167,R001,2026-01-14 17:58:00,65,mobile_app
K00000696,P034037,T0000167,R001,2026-01-14 17:55:00,40,mobile_app
K00000697,P013103,T0000167,R001,2026-01-14 18:04:00,30,card_tap
K00000698,P007619,T0000167,R001,2026-01-14 18:09:00,30,card_tap
K00000699,P048241,T0000167,R001,2026-01-14 18:01:00,40,card_tap
K00000700,P005312,T0000168,R001,2026-01-15 17:17:00,30,card_tap
K00000701,P042898,T0000168,R001,2026-01-15 17:29:00,80,card_tap
K00000702,P007148,T0000168,R001,2026-01-15 17:16:00,65,counter
K00000703,P032536,T0000168,R001,2026-01-15 17:26:00,80,mobile_app
K00000704,P039360,T0000168,R001,2026-01-15 17:31:00,40,counter
K00000705,P010927,T0000169,R001,2026-01-15 06:24:00,80,card_tap
K00000706,P044366,T0000169,R001,2026-01-15 06:28:00,65,mobile_app
K00000707,P042303,T0000169,R001,2026-01-15 06:24:00,40,card_tap
K00000708,P003063,T0000169,R001,2026-01-15 06:24:00,50,mobile_app
K00000709,P046432,T0000170,R001,2026-01-16 22:43:00,50,card_tap
K00000710,P044364,T0000170,R001,2026-01-16 22:49:00,65,mobile_app
K00000711,P010022,T0000170,R001,2026-01-16 22:38:00,50,card_tap
K00000712,P016907,T0000170,R001,2026-01-16 22:41:00,65,card_tap
K00000713,P019882,T0000171,R001,2026-01-17 15:11:00,80,mobile_app
K00000714,P027044,T0000171,R001,2026-01-17 15:28:00,40,mobile_app
K00000715,P000452,T0000171,R001,2026-01-17 15:14:00,80,card_tap
K00000716,P024633,T0000172,R001,2026-01-17 17:17:00,50,counter
K00000717,P016763,T0000172,R001,2026-01-17 17:05:00,30,mobile_app
K00000718,P029426,T0000172,R001,2026-01-17 17:19:00,40,card_tap
K00000719,P002643,T0000173,R001,2026-01-18 16:50:00,50,card_tap
K00000720,P001284,T0000173,R001,2026-01-18 16:56:00,65,card_tap
K00000721,P022381,T0000173,R001,2026-01-18 16:48:00,50,card_tap
K00000722,P023918,T0000174,R001,2026-01-19 18:12:00,50,counter
K00000723,P044609,T0000174,R001,2026-01-19 18:13:00,30,mobile_app
K00000724,P036534,T0000174,R001,2026-01-19 18:03:00,40,mobile_app
K00000725,P023962,T0000175,R001,2026-01-20 08:35:00,40,card_tap
K00000726,P022418,T0000175,R001,2026-01-20 08:39:00,50,counter
K00000727,P033756,T0000175,R001,2026-01-20 08:29:00,40,mobile_app
K00000728,P033472,T0000175,R001,2026-01-20 08:44:00,80,card_tap
K00000729,P046886,T0000176,R001,2026-01-20 10:29:00,50,mobile_app
K00000730,P023571,T0000176,R001,2026-01-20 10:27:00,80,card_tap
K00000731,P014744,T0000176,R001,2026-01-20 10:25:00,80,card_tap
K00000732,P032140,T0000177,R001,2026-01-20 15:35:00,65,card_tap
K00000733,P042183,T0000177,R001,2026-01-20 15:26:00,30,mobile_app
K00000734,P028060,T0000177,R001,2026-01-20 15:22:00,50,card_tap
K00000735,P043620,T0000177,R001,2026-01-20 15:18:00,40,counter
K00000736,P037540,T0000178,R001,2026-01-21 11:23:00,30,mobile_app
K00000737,P000544,T0000178,R001,2026-01-21 11:13:00,50,mobile_app
K00000738,P010322,T0000178,R001,2026-01-21 11:16:00,50,card_tap
K00000739,P048304,T0000178,R001,2026-01-21 11:14:00,40,card_tap
K00000740,P049787,T0000179,R001,2026-01-21 07:25:00,40,card_tap
K00000741,P012792,T0000179,R001,2026-01-21 07:14:00,30,mobile_app
K00000742,P006389,T0000179,R001,2026-01-21 07:16:00,30,card_tap
K00000743,P018351,T0000179,R001,2026-01-21 07:10:00,80,card_tap
K00000744,P006993,T0000180,R001,2026-01-21 05:05:00,40,mobile_app
K00000745,P027710,T0000180,R001,2026-01-21 05:07:00,50,counter
K00000746,P004377,T0000180,R001,2026-01-21 05:15:00,40,card_tap
K00000747,P014135,T0000181,R001,2026-01-21 22:43:00,30,card_tap
K00000748,P002439,T0000182,R001,2026-01-21 08:38:00,80,card_tap
K00000749,P029800,T0000182,R001,2026-01-21 08:42:00,40,card_tap
K00000750,P019696,T0000182,R001,2026-01-21 08:44:00,40,card_tap
K00000751,P019102,T0000182,R001,2026-01-21 08:31:00,65,mobile_app
K00000752,P006904,T0000183,R001,2026-01-22 10:47:00,50,card_tap
K00000753,P012150,T0000183,R001,2026-01-22 10:59:00,50,card_tap
K00000754,P049700,T0000183,R001,2026-01-22 11:03:00,50,card_tap
K00000755,P038468,T0000183,R001,2026-01-22 11:02:00,50,card_tap
K00000756,P005172,T0000184,R001,2026-01-22 20:25:00,40,mobile_app
K00000757,P032894,T0000184,R001,2026-01-22 20:09:00,40,mobile_app
K00000758,P049997,T0000184,R001,2026-01-22 20:19:00,40,card_tap
K00000759,P031504,T0000185,R001,2026-01-22 11:57:00,65,mobile_app
K00000760,P043587,T0000185,R001,2026-01-22 12:05:00,40,counter
K00000761,P037715,T0000185,R001,2026-01-22 11:48:00,30,card_tap
K00000762,P029889,T0000186,R001,2026-01-23 12:28:00,50,card_tap
K00000763,P023270,T0000186,R001,2026-01-23 12:25:00,65,mobile_app
K00000764,P013177,T0000187,R001,2026-01-23 19:08:00,40,mobile_app
K00000765,P028329,T0000187,R001,2026-01-23 19:08:00,50,card_tap
K00000766,P017717,T0000187,R001,2026-01-23 19:12:00,40,counter
K00000767,P046890,T0000187,R001,2026-01-23 18:57:00,65,card_tap
K00000768,P016703,T0000187,R001,2026-01-23 18:58:00,65,mobile_app
K00000769,P038524,T0000187,R001,2026-01-23 18:59:00,40,card_tap
K00000770,P007008,T0000187,R001,2026-01-23 19:04:00,80,card_tap
K00000771,P013147,T0000187,R001,2026-01-23 19:10:00,50,card_tap
K00000772,P018291,T0000188,R001,2026-01-23 10:36:00,65,mobile_app
K00000773,P012462,T0000188,R001,2026-01-23 10:44:00,65,card_tap
K00000774,P000639,T0000188,R001,2026-01-23 10:43:00,50,mobile_app
K00000775,P026154,T0000188,R001,2026-01-23 10:44:00,30,mobile_app
K00000776,P043856,T0000189,R001,2026-01-24 17:09:00,30,card_tap
K00000777,P035628,T0000189,R001,2026-01-24 17:08:00,80,card_tap
K00000778,P009560,T0000189,R001,2026-01-24 17:13:00,65,card_tap
K00000779,P041786,T0000190,R001,2026-01-24 09:26:00,50,mobile_app
K00000780,P040083,T0000190,R001,2026-01-24 09:12:00,30,card_tap
K00000781,P002067,T0000190,R001,2026-01-24 09:14:00,80,card_tap
K00000782,P026732,T0000191,R001,2026-01-24 06:59:00,65,mobile_app
K00000783,P029414,T0000191,R001,2026-01-24 07:04:00,80,mobile_app
K00000784,P040203,T0000191,R001,2026-01-24 06:55:00,40,card_tap
K00000785,P025910,T0000192,R001,2026-01-25 15:47:00,50,card_tap
K00000786,P018033,T0000192,R001,2026-01-25 15:56:00,30,mobile_app
K00000787,P022824,T0000193,R001,2026-01-25 12:30:00,65,card_tap
K00000788,P016381,T0000193,R001,2026-01-25 12:24:00,50,card_tap
K00000789,P017411,T0000194,R001,2026-01-25 11:50:00,65,mobile_app
K00000790,P000801,T0000194,R001,2026-01-25 11:44:00,80,card_tap
K00000791,P011799,T0000195,R001,2026-01-25 15:39:00,80,mobile_app
K00000792,P026965,T0000195,R001,2026-01-25 15:51:00,30,card_tap
K00000793,P008357,T0000196,R001,2026-01-25 11:53:00,30,mobile_app
K00000794,P025369,T0000196,R001,2026-01-25 11:50:00,65,mobile_app
K00000795,P008145,T0000196,R001,2026-01-25 11:41:00,80,card_tap
K00000796,P017622,T0000196,R001,2026-01-25 11:53:00,30,card_tap
K00000797,P024938,T0000197,R001,2026-01-26 19:23:00,40,card_tap
K00000798,P004794,T0000197,R001,2026-01-26 19:26:00,65,counter
K00000799,P025548,T0000197,R001,2026-01-26 19:33:00,30,card_tap
K00000800,P013228,T0000197,R001,2026-01-26 19:17:00,40,card_tap
K00000801,P008966,T0000197,R001,2026-01-26 19:32:00,50,card_tap
K00000802,P011104,T0000197,R001,2026-01-26 19:20:00,80,card_tap
K00000803,P045578,T0000198,R001,2026-01-26 08:24:00,30,card_tap
K00000804,P026226,T0000198,R001,2026-01-26 08:16:00,65,card_tap
K00000805,P035300,T0000198,R001,2026-01-26 08:23:00,50,card_tap
K00000806,P019269,T0000198,R001,2026-01-26 08:11:00,50,card_tap
K00000807,P035444,T0000198,R001,2026-01-26 08:16:00,80,mobile_app
K00000808,P009055,T0000198,R001,2026-01-26 08:18:00,50,counter
K00000809,P024553,T0000199,R001,2026-01-27 20:29:00,30,card_tap
K00000810,P024625,T0000199,R001,2026-01-27 20:26:00,80,card_tap
K00000811,P002533,T0000199,R001,2026-01-27 20:20:00,50,card_tap
K00000812,P028719,T0000199,R001,2026-01-27 20:26:00,30,counter
K00000813,P036861,T0000200,R001,2026-01-27 16:56:00,50,card_tap
K00000814,P031453,T0000200,R001,2026-01-27 16:47:00,50,mobile_app
K00000815,P014413,T0000200,R001,2026-01-27 16:53:00,50,mobile_app
K00000816,P040386,T0000200,R001,2026-01-27 16:41:00,40,card_tap
K00000817,P037830,T0000201,R001,2026-01-28 14:29:00,40,card_tap
K00000818,P029219,T0000201,R001,2026-01-28 14:29:00,80,counter
K00000819,P018442,T0000201,R001,2026-01-28 14:34:00,40,card_tap
K00000820,P004689,T0000202,R001,2026-01-28 08:40:00,65,counter
K00000821,P018033,T0000202,R001,2026-01-28 08:38:00,40,mobile_app
K00000822,P005495,T0000202,R001,2026-01-28 08:32:00,40,card_tap
K00000823,P003268,T0000202,R001,2026-01-28 08:44:00,50,card_tap
K00000824,P043458,T0000202,R001,2026-01-28 08:46:00,65,card_tap
K00000825,P034271,T0000202,R001,2026-01-28 08:39:00,50,mobile_app
K00000826,P030137,T0000203,R001,2026-01-29 20:07:00,65,mobile_app
K00000827,P027915,T0000203,R001,2026-01-29 20:09:00,50,card_tap
K00000828,P005796,T0000203,R001,2026-01-29 19:57:00,40,mobile_app
K00000829,P008300,T0000203,R001,2026-01-29 20:00:00,65,mobile_app
K00000830,P024681,T0000203,R001,2026-01-29 19:58:00,80,card_tap
K00000831,P018262,T0000204,R001,2026-01-29 17:03:00,65,card_tap
K00000832,P048366,T0000204,R001,2026-01-29 17:05:00,65,mobile_app
K00000833,P023851,T0000204,R001,2026-01-29 17:03:00,50,counter
K00000834,P042061,T0000205,R001,2026-01-29 17:42:00,80,card_tap
K00000835,P033893,T0000205,R001,2026-01-29 17:50:00,80,card_tap
K00000836,P007141,T0000205,R001,2026-01-29 17:57:00,80,card_tap
K00000837,P049402,T0000206,R001,2026-01-30 22:51:00,40,mobile_app
K00000838,P029154,T0000206,,2026-01-30 22:35:00,65,mobile_app
K00000839,P012347,T0000206,R001,2026-01-30 22:39:00,30,counter
K00000840,P019361,T0000207,R001,2026-01-31 22:27:00,50,card_tap
K00000841,P014703,T0000207,R001,2026-01-31 22:18:00,80,mobile_app
K00000842,P027668,T0000207,R001,2026-01-31 22:19:00,65,mobile_app
K00000843,P002579,T0000207,R001,2026-01-31 22:27:00,65,card_tap
K00000844,P042156,T0000207,R001,2026-01-31 22:23:00,50,mobile_app
K00000845,P020590,T0000208,R001,2026-01-31 14:02:00,50,counter
K00000846,P006602,T0000208,R001,2026-01-31 13:58:00,80,mobile_app
K00000847,P015473,T0000208,R001,2026-01-31 14:01:00,30,mobile_app
K00000848,P012282,T0000208,R001,2026-01-31 13:58:00,40,mobile_app
K00000849,P028935,T0000209,R001,2026-02-01 07:18:00,65,counter
K00000850,P028194,T0000210,R001,2026-02-02 17:51:00,30,card_tap
K00000851,P020803,T0000210,R001,2026-02-02 17:58:00,50,card_tap
K00000852,P007771,T0000210,R001,2026-02-02 17:49:00,50,card_tap
K00000853,P044175,T0000210,R001,2026-02-02 18:03:00,40,mobile_app
K00000854,P011467,T0000210,R001,2026-02-02 17:58:00,40,counter
K00000855,P013102,T0000210,R001,2026-02-02 17:52:00,65,mobile_app
K00000856,P015894,T0000211,R001,2026-02-02 17:54:00,40,card_tap
K00000857,P036951,T0000211,R001,2026-02-02 17:56:00,50,mobile_app
K00000858,P003431,T0000211,R001,2026-02-02 17:45:00,65,mobile_app
K00000859,P010522,T0000211,R001,2026-02-02 17:53:00,30,card_tap
K00000860,P026045,T0000211,R001,2026-02-02 18:02:00,65,card_tap
K00000861,P043026,T0000211,R001,2026-02-02 17:44:00,40,card_tap
K00000862,P018366,T0000212,R001,2026-02-02 09:06:00,30,card_tap
K00000863,P008818,T0000212,R001,2026-02-02 09:06:00,65,card_tap
K00000864,P032623,T0000212,R001,2026-02-02 08:56:00,30,card_tap
K00000865,P034862,T0000212,R001,2026-02-02 08:52:00,65,mobile_app
K00000866,P018221,T0000212,R001,2026-02-02 09:10:00,30,card_tap
K00000867,P009478,T0000213,R001,2026-02-03 05:39:00,50,card_tap
K00000868,P027961,T0000213,R001,2026-02-03 05:24:00,30,card_tap
K00000869,P043558,T0000213,R001,2026-02-03 05:27:00,65,mobile_app
K00000870,P019872,T0000213,R001,2026-02-03 05:28:00,80,mobile_app
K00000871,P021969,T0000214,R001,2026-02-03 17:41:00,80,mobile_app
K00000872,P006730,T0000214,R001,2026-02-03 17:38:00,40,card_tap
K00000873,P045613,T0000214,R001,2026-02-03 17:33:00,30,card_tap
K00000874,P015099,T0000214,R001,2026-02-03 17:27:00,80,counter
K00000875,P009522,T0000214,R001,2026-02-03 17:30:00,80,counter
K00000876,P012538,T0000214,R001,2026-02-03 17:28:00,65,card_tap
K00000877,P007144,T0000214,R001,2026-02-03 17:36:00,30,mobile_app
K00000878,P025657,T0000214,R001,2026-02-03 17:33:00,40,mobile_app
K00000879,P046988,T0000214,R001,2026-02-03 17:26:00,80,card_tap
K00000880,P042311,T0000214,R001,2026-02-03 17:27:00,65,card_tap
K00000881,P029158,T0000215,R001,2026-02-03 17:48:00,30,card_tap
K00000882,P021518,T0000215,R001,2026-02-03 17:41:00,80,counter
K00000883,P048471,T0000215,R001,2026-02-03 17:32:00,50,card_tap
K00000884,P013878,T0000216,R001,2026-02-04 15:42:00,50,card_tap
K00000885,P044042,T0000216,R001,2026-02-04 15:40:00,40,card_tap
K00000886,P041375,T0000217,R001,2026-02-04 11:05:00,50,mobile_app
K00000887,P028775,T0000217,R001,2026-02-04 11:04:00,65,card_tap
K00000888,P018160,T0000217,R001,2026-02-04 11:03:00,30,mobile_app
K00000889,P034171,T0000218,R001,2026-02-05 13:09:00,65,counter
K00000890,P021942,T0000218,R001,2026-02-05 13:17:00,40,mobile_app
K00000891,P025711,T0000218,R001,2026-02-05 13:18:00,40,mobile_app
K00000892,P031932,T0000219,R001,2026-02-06 16:46:00,40,mobile_app
K00000893,P033012,T0000219,R001,2026-02-06 16:50:00,30,card_tap
K00000894,P035007,T0000219,R001,2026-02-06 16:52:00,80,card_tap
K00000895,P012292,T0000219,R001,2026-02-06 16:44:00,30,mobile_app
K00000896,P016088,T0000219,R001,2026-02-06 17:00:00,80,mobile_app
K00000897,P020223,T0000220,R001,2026-02-06 09:54:00,65,card_tap
K00000898,P046117,T0000220,R001,2026-02-06 09:43:00,50,mobile_app
K00000899,P016307,T0000220,R001,2026-02-06 09:40:00,65,mobile_app
K00000900,P002739,T0000220,R001,2026-02-06 09:48:00,30,card_tap
K00000901,P003130,T0000220,R001,2026-02-06 09:38:00,65,card_tap
K00000902,P025517,T0000220,R001,2026-02-06 09:52:00,50,card_tap
K00000903,P044788,T0000220,R001,2026-02-06 09:40:00,50,mobile_app
K00000904,P013118,T0000220,R001,2026-02-06 09:45:00,65,mobile_app
K00000905,P048074,T0000221,R001,2026-02-06 15:10:00,30,counter
K00000906,P044644,T0000221,R001,2026-02-06 15:07:00,50,card_tap
K00000907,P003649,T0000221,R001,2026-02-06 15:19:00,80,card_tap
K00000908,P048819,T0000222,R001,2026-02-06 19:39:00,30,card_tap
K00000909,P029450,T0000222,R001,2026-02-06 19:33:00,65,card_tap
K00000910,P016038,T0000222,R001,2026-02-06 19:27:00,30,mobile_app
K00000911,P014837,T0000222,R001,2026-02-06 19:40:00,65,card_tap
K00000912,P022347,T0000222,R001,2026-02-06 19:41:00,30,card_tap
K00000913,P009517,T0000222,R001,2026-02-06 19:30:00,50,card_tap
K00000914,P017570,T0000222,R001,2026-02-06 19:40:00,30,card_tap
K00000915,P038305,T0000222,R001,2026-02-06 19:40:00,30,card_tap
K00000916,P025660,T0000223,R001,2026-02-07 15:15:00,50,card_tap
K00000917,P037577,T0000223,R001,2026-02-07 15:11:00,50,card_tap
K00000918,P036073,T0000224,R001,2026-02-07 19:08:00,50,card_tap
K00000919,P035749,T0000225,R001,2026-02-07 15:15:00,40,card_tap
K00000920,P034245,T0000225,R001,2026-02-07 15:13:00,80,card_tap
K00000921,P024721,T0000225,R001,2026-02-07 15:23:00,80,card_tap
K00000922,P032575,T0000225,R001,2026-02-07 15:17:00,30,mobile_app
K00000923,P041702,T0000226,R001,2026-02-08 12:58:00,30,card_tap
K00000924,P025615,T0000226,R001,2026-02-08 12:58:00,30,counter
K00000925,P010785,T0000227,R001,2026-02-08 10:42:00,65,mobile_app
K00000926,P039151,T0000227,R001,2026-02-08 10:37:00,50,card_tap
K00000927,P000086,T0000227,R001,2026-02-08 10:45:00,30,counter
K00000928,P006397,T0000228,R001,2026-02-09 21:56:00,65,mobile_app
K00000929,P036478,T0000228,R001,2026-02-09 21:49:00,40,card_tap
K00000930,P010374,T0000228,R001,2026-02-09 21:50:00,40,card_tap
K00000931,P024370,T0000228,R001,2026-02-09 21:54:00,50,mobile_app
K00000932,P031532,T0000228,R001,2026-02-09 21:48:00,80,card_tap
K00000933,P019778,T0000229,R001,2026-02-09 17:01:00,50,card_tap
K00000934,P033537,T0000229,R001,2026-02-09 16:46:00,40,counter
K00000935,P018068,T0000229,R001,2026-02-09 16:50:00,80,card_tap
K00000936,P016729,T0000229,R001,2026-02-09 16:47:00,30,mobile_app
K00000937,P008043,T0000229,R001,2026-02-09 17:02:00,50,card_tap
K00000938,P045418,T0000230,R001,2026-02-09 07:01:00,50,counter
K00000939,P026195,T0000230,R001,2026-02-09 07:05:00,65,card_tap
K00000940,P017704,T0000230,R001,2026-02-09 06:56:00,80,card_tap
K00000941,P029811,T0000230,R001,2026-02-09 06:52:00,80,card_tap
K00000942,P008566,T0000230,R001,2026-02-09 06:50:00,80,card_tap
K00000943,P015046,T0000230,R001,2026-02-09 06:49:00,50,mobile_app
K00000944,P003136,T0000230,R001,2026-02-09 07:05:00,65,card_tap
K00000945,P002165,T0000230,R001,2026-02-09 07:01:00,50,mobile_app
K00000946,P042440,T0000230,R001,2026-02-09 06:53:00,40,card_tap
K00000947,P002690,T0000231,R001,2026-02-09 21:32:00,80,mobile_app
K00000948,P021163,T0000231,R001,2026-02-09 21:35:00,30,card_tap
K00000949,P032904,T0000231,R001,2026-02-09 21:39:00,80,card_tap
K00000950,P001186,T0000232,R001,2026-02-10 07:46:00,30,mobile_app
K00000951,P034129,T0000232,R001,2026-02-10 07:46:00,80,card_tap
K00000952,P013111,T0000232,R001,2026-02-10 07:36:00,65,mobile_app
K00000953,P007618,T0000232,R001,2026-02-10 07:47:00,40,card_tap
K00000954,P027567,T0000232,R001,2026-02-10 07:39:00,50,card_tap
K00000955,P013945,T0000232,R001,2026-02-10 07:46:00,40,counter
K00000956,P003124,T0000232,R001,2026-02-10 07:31:00,50,mobile_app
K00000957,P012409,T0000232,R001,2026-02-10 07:33:00,65,card_tap
K00000958,P015741,T0000233,R001,2026-02-11 18:00:00,65,card_tap
K00000959,P007175,T0000233,R001,2026-02-11 18:02:00,50,card_tap
K00000960,P040898,T0000233,R001,2026-02-11 18:07:00,65,counter
K00000961,P043652,T0000233,R001,2026-02-11 18:17:00,40,card_tap
K00000962,P040539,T0000233,R001,2026-02-11 18:03:00,65,mobile_app
K00000963,P037845,T0000233,R001,2026-02-11 18:07:00,40,card_tap
K00000964,P003738,T0000233,R001,2026-02-11 17:59:00,50,card_tap
K00000965,P023115,T0000233,R001,2026-02-11 18:14:00,80,card_tap
K00000966,P027324,T0000233,R001,2026-02-11 17:59:00,50,mobile_app
K00000967,P047803,T0000233,R001,2026-02-11 18:15:00,40,card_tap
K00000968,P045785,T0000233,,2026-02-11 18:14:00,30,card_tap
K00000969,P041281,T0000234,R001,2026-02-11 17:11:00,30,card_tap
K00000970,P004469,T0000234,R001,2026-02-11 17:09:00,65,card_tap
K00000971,P038549,T0000234,R001,2026-02-11 17:12:00,80,card_tap
K00000972,P018400,T0000234,R001,2026-02-11 17:12:00,65,card_tap
K00000973,P025531,T0000234,R001,2026-02-11 17:12:00,65,card_tap
K00000974,P015379,T0000234,R001,2026-02-11 17:07:00,80,counter
K00000975,P007986,T0000234,R001,2026-02-11 17:10:00,65,card_tap
K00000976,P028342,T0000235,R001,2026-02-12 14:57:00,80,card_tap
K00000977,P006507,T0000235,R001,2026-02-12 15:00:00,50,card_tap
K00000978,P008953,T0000235,R001,2026-02-12 15:04:00,30,mobile_app
K00000979,P015775,T0000236,R001,2026-02-13 17:14:00,50,counter
K00000980,P022343,T0000236,R001,2026-02-13 17:30:00,30,card_tap
K00000981,P026160,T0000236,R001,2026-02-13 17:28:00,40,card_tap
K00000982,P037859,T0000236,R001,2026-02-13 17:27:00,65,card_tap
K00000983,P029749,T0000236,R001,2026-02-13 17:25:00,80,card_tap
K00000984,P019201,T0000236,R001,2026-02-13 17:26:00,80,card_tap
K00000985,P041023,T0000236,R001,2026-02-13 17:15:00,80,card_tap
K00000986,P012510,T0000237,R001,2026-02-13 18:58:00,65,counter
K00000987,P014667,T0000237,R001,2026-02-13 19:05:00,30,card_tap
K00000988,P011333,T0000237,R001,2026-02-13 18:55:00,30,mobile_app
K00000989,P016967,T0000237,R001,2026-02-13 18:55:00,50,counter
K00000990,P033040,T0000237,R001,2026-02-13 18:56:00,50,card_tap
K00000991,P041505,T0000237,R001,2026-02-13 19:01:00,80,mobile_app
K00000992,P006279,T0000237,R001,2026-02-13 19:00:00,80,card_tap
K00000993,P049480,T0000238,R001,2026-02-13 16:55:00,65,card_tap
K00000994,P046101,T0000238,R001,2026-02-13 17:02:00,80,card_tap
K00000995,P030894,T0000238,R001,2026-02-13 16:45:00,30,card_tap
K00000996,P015984,T0000239,R001,2026-02-15 19:11:00,80,card_tap
K00000997,P042836,T0000239,R001,2026-02-15 19:02:00,40,mobile_app
K00000998,P042338,T0000240,R001,2026-02-16 17:16:00,40,counter
K00000999,P030611,T0000240,R001,2026-02-16 17:00:00,50,card_tap
K00001000,P029412,T0000240,R001,2026-02-16 17:02:00,65,card_tap
