stop_id,boardings,routes_served,avg_delay,stop_name,zone,alightings,bottleneck
S001,227174.0,11,2.63,Central Station,North,230018.0,False
S002,282436.0,10,2.49,Airport T1,Central,299805.0,False
S003,280615.0,13,3.57,Tech Park Gate,Central,291734.0,True
S004,191766.0,9,2.8,University Sq,Airport,180363.0,False
S005,186850.0,11,2.78,Harbor Point,Airport,178260.0,False
S006,119953.0,7,3.42,North Terminal,South,126819.0,False
S007,424699.0,15,3.02,City Mall,North,382632.0,False
S008,299422.0,7,4.83,Industrial Zone A,West,313741.0,True
S009,358420.0,14,3.06,Stadium East,East,374001.0,False
S010,364683.0,16,3.22,Medical District,Central,358931.0,False
S011,330163.0,16,3.08,Riverside Walk,Airport,315156.0,False
S012,124650.0,8,2.82,Suburb West Hub,Central,118432.0,False
S013,131502.0,8,3.46,Business Bay,Central,124385.0,False
S014,145472.0,10,3.17,Convention Center,South,142579.0,False
S015,240925.0,8,3.27,Lakeview Pier,West,238713.0,False
S016,82975.0,6,3.83,Old City Gate,Airport,82944.0,False
S017,340479.0,9,2.4,Green Belt Park,West,367442.0,False
S018,228569.0,10,2.97,Metro Link Xchg,South,238324.0,False
S019,48535.0,4,2.15,Hillside Top,Central,49117.0,False
S020,125842.0,4,2.47,Suburb East Hub,East,135659.0,False
S021,13826.0,3,2.12,Stop 021,East,12979.0,False
S022,15539.0,2,3.02,Stop 022,Central,14433.0,False
S023,18686.0,3,4.46,Stop 023,Central,18878.0,False
S024,23121.0,3,4.38,Stop 024,Central,20992.0,False
S025,54716.0,7,3.37,Stop 025,West,49596.0,False
S026,4083.0,1,1.59,Stop 026,Airport,4053.0,False
S027,25847.0,4,2.85,Stop 027,West,25431.0,False
S028,56043.0,5,3.21,Stop 028,North,59691.0,False
S029,43505.0,4,3.16,Stop 029,South,44082.0,False
S030,30149.0,3,3.28,Stop 030,North,29924.0,False
S031,47685.0,3,1.67,Stop 031,South,47181.0,False
S032,106609.0,7,3.96,Stop 032,West,100698.0,False
S033,16471.0,4,1.8,Stop 033,East,14859.0,False
S034,31301.0,4,1.71,Stop 034,East,29255.0,False
S035,16374.0,2,1.61,Stop 035,Central,16776.0,False
S036,19025.0,5,3.47,Stop 036,Central,17809.0,False
S037,68023.0,7,4.34,Stop 037,West,65745.0,False
S038,41789.0,5,3.26,Stop 038,South,37638.0,False
S039,41199.0,2,3.47,Stop 039,West,43235.0,False
S040,5374.0,1,2.6,Stop 040,North,4986.0,False
S041,34203.0,6,3.16,Stop 041,North,32430.0,False
S042,46052.0,5,2.91,Stop 042,Airport,48744.0,False
S043,21910.0,4,2.65,Stop 043,East,21730.0,False
S044,16237.0,3,3.44,Stop 044,South,17089.0,False
S045,38881.0,6,2.6,Stop 045,Airport,39470.0,False
S046,18729.0,3,2.26,Stop 046,East,19357.0,False
S047,17547.0,3,3.2,Stop 047,West,16081.0,False
S048,20345.0,3,2.2,Stop 048,West,20292.0,False
S049,25766.0,5,4.46,Stop 049,North,25544.0,False
S050,139374.0,8,2.86,Stop 050,North,147296.0,False
S051,66249.0,8,2.96,Stop 051,Central,63932.0,False
S052,9307.0,1,1.78,Stop 052,East,9378.0,False
S053,19822.0,2,3.81,Stop 053,East,18051.0,False
S054,29466.0,5,1.88,Stop 054,Central,28575.0,False
S055,111023.0,10,2.09,Stop 055,Central,106376.0,False
S056,16070.0,2,2.1,Stop 056,West,14897.0,False
S057,27032.0,3,1.64,Stop 057,Central,28301.0,False
S058,9173.0,2,1.52,Stop 058,Central,8882.0,False
S059,12832.0,3,3.47,Stop 059,North,13809.0,False
S060,29825.0,7,3.73,Stop 060,South,30010.0,False
S061,22084.0,4,3.0,Stop 061,Airport,22281.0,False
S062,48874.0,7,3.95,Stop 062,Central,49599.0,False
S063,64835.0,5,3.52,Stop 063,North,66246.0,False
S064,3830.0,1,1.55,Stop 064,Central,3551.0,False
S065,17546.0,3,1.92,Stop 065,South,17182.0,False
S066,15519.0,3,3.56,Stop 066,North,14636.0,False
S067,22564.0,4,4.97,Stop 067,West,21942.0,False
S068,63188.0,6,2.48,Stop 068,North,57969.0,False
S069,45630.0,6,3.39,Stop 069,Airport,49016.0,False
S070,12238.0,2,2.27,Stop 070,South,11488.0,False
S071,12984.0,2,2.02,Stop 071,South,13256.0,False
S072,31421.0,6,3.41,Stop 072,West,29978.0,False
S073,18609.0,4,2.94,Stop 073,Central,19676.0,False
S074,6411.0,2,1.37,Stop 074,North,6534.0,False
S075,48768.0,7,3.4,Stop 075,North,45047.0,False
S076,27394.0,4,1.89,Stop 076,North,28822.0,False
S077,25254.0,2,2.99,Stop 077,East,27024.0,False
S078,24453.0,4,2.17,Stop 078,East,25986.0,False
S079,16007.0,3,2.74,Stop 079,Airport,16048.0,False
S080,28171.0,7,3.32,Stop 080,North,26091.0,False
S081,13415.0,3,2.75,Stop 081,East,12538.0,False
S082,43307.0,6,3.19,Stop 082,Central,46210.0,False
S083,48680.0,6,2.58,Stop 083,East,48652.0,False
S084,23305.0,1,3.08,Stop 084,South,21732.0,False
S085,24192.0,5,2.44,Stop 085,South,25622.0,False
S086,17403.0,4,2.27,Stop 086,East,17672.0,False
S087,22981.0,4,2.33,Stop 087,Central,23039.0,False
S088,38419.0,5,2.74,Stop 088,Central,37179.0,False
S089,41134.0,6,3.49,Stop 089,Central,40063.0,False
S090,45777.0,5,3.43,Stop 090,North,43173.0,False
S091,90633.0,5,3.29,Stop 091,North,82191.0,False
S092,20692.0,3,4.25,Stop 092,West,21886.0,False
S093,40677.0,5,3.66,Stop 093,Central,40034.0,False
S094,4485.0,2,3.2,Stop 094,West,4479.0,False
S095,14415.0,2,1.93,Stop 095,Central,13809.0,False
S096,5957.0,2,2.15,Stop 096,West,6167.0,False
S097,22208.0,2,2.94,Stop 097,East,20088.0,False
S098,15765.0,3,2.84,Stop 098,Airport,15245.0,False
S099,18097.0,5,2.66,Stop 099,South,16386.0,False
S100,20663.0,3,2.45,Stop 100,North,19054.0,False
S101,21915.0,5,4.52,Stop 101,North,23539.0,False
S102,31947.0,4,3.07,Stop 102,Central,32535.0,False
S103,52746.0,6,2.91,Stop 103,Central,51537.0,False
S104,40870.0,6,3.81,Stop 104,Central,40636.0,False
S105,33515.0,6,2.86,Stop 105,North,35429.0,False
S106,16565.0,3,4.21,Stop 106,Central,15935.0,False
S107,35828.0,5,3.95,Stop 107,South,36052.0,False
S108,31340.0,4,1.6,Stop 108,West,32063.0,False
S109,79628.0,3,2.82,Stop 109,East,76759.0,False
S110,44660.0,4,2.88,Stop 110,East,44367.0,False
S111,21370.0,4,2.42,Stop 111,West,22177.0,False
S112,20153.0,5,3.37,Stop 112,West,21436.0,False
S113,9618.0,3,2.0,Stop 113,Airport,8918.0,False
S114,29283.0,5,2.26,Stop 114,Central,31275.0,False
S115,20767.0,2,2.93,Stop 115,South,18710.0,False
S116,30434.0,3,3.48,Stop 116,Central,31516.0,False
S117,49319.0,6,2.29,Stop 117,South,51582.0,False
S118,9675.0,1,2.11,Stop 118,South,8946.0,False
S119,11646.0,3,2.23,Stop 119,Central,11360.0,False
S120,24018.0,5,2.52,Stop 120,Central,25141.0,False
S121,14748.0,4,2.16,Stop 121,North,13311.0,False
S122,18749.0,4,3.38,Stop 122,East,18995.0,False
S123,47723.0,2,4.57,Stop 123,North,49763.0,False
S124,10521.0,2,3.1,Stop 124,Central,10440.0,False
S125,14221.0,3,2.29,Stop 125,East,14657.0,False
S126,29702.0,5,3.47,Stop 126,Central,27942.0,False
S128,28536.0,5,1.72,Stop 128,Central,26702.0,False
S129,51268.0,8,3.78,Stop 129,Central,49492.0,False
S130,30866.0,5,4.2,Stop 130,Airport,28776.0,False
S131,30861.0,5,4.08,Stop 131,Central,29697.0,False
S132,36670.0,6,3.47,Stop 132,East,39261.0,False
S133,23834.0,6,3.8,Stop 133,Central,23910.0,False
S134,20085.0,4,3.15,Stop 134,North,19306.0,False
S135,19249.0,1,4.48,Stop 135,North,18265.0,False
S136,24293.0,5,2.63,Stop 136,Central,26027.0,False
S137,7434.0,2,3.73,Stop 137,North,7285.0,False
S138,23319.0,4,3.47,Stop 138,East,25102.0,False
S139,25985.0,3,2.27,Stop 139,North,25798.0,False
S140,76989.0,7,3.24,Stop 140,West,76512.0,False
S141,30477.0,5,2.53,Stop 141,North,32348.0,False
S142,23855.0,4,2.58,Stop 142,Central,24659.0,False
S143,25400.0,4,2.66,Stop 143,West,25515.0,False
S144,12072.0,1,1.61,Stop 144,West,11792.0,False
S145,15682.0,3,3.05,Stop 145,East,16593.0,False
S146,64015.0,7,2.82,Stop 146,Central,62357.0,False
S147,43288.0,4,1.75,Stop 147,Airport,46149.0,False
S148,29429.0,4,2.98,Stop 148,North,26850.0,False
S149,34756.0,7,4.17,Stop 149,South,33970.0,False
S150,48979.0,5,1.82,Stop 150,Central,48661.0,False
S151,9291.0,3,3.05,Stop 151,South,9952.0,False
S152,21566.0,4,1.53,Stop 152,East,20384.0,False
S153,58878.0,4,3.1,Stop 153,East,61533.0,False
S154,38231.0,5,3.08,Stop 154,Central,39063.0,False
S155,9262.0,1,2.06,Stop 155,Central,9531.0,False
S156,62243.0,3,3.4,Stop 156,East,63073.0,False
S157,67118.0,8,3.23,Stop 157,West,72144.0,False
S158,6517.0,2,3.16,Stop 158,East,6256.0,False
S159,42675.0,9,3.39,Stop 159,South,41467.0,False
S160,14689.0,2,3.14,Stop 160,South,13757.0,False
S161,9978.0,2,3.09,Stop 161,North,9071.0,False
S162,37816.0,6,2.65,Stop 162,South,35484.0,False
S163,20822.0,4,2.05,Stop 163,Central,22171.0,False
S164,42660.0,6,2.57,Stop 164,West,44845.0,False
S165,18860.0,5,3.52,Stop 165,East,17356.0,False
S166,56131.0,7,2.77,Stop 166,South,56618.0,False
S167,6012.0,3,2.87,Stop 167,Central,5929.0,False
S168,18258.0,4,1.92,Stop 168,Central,18387.0,False
S169,77369.0,4,3.5,Stop 169,Central,78813.0,False
S170,33839.0,5,3.27,Stop 170,Central,32323.0,False
S171,21247.0,2,4.3,Stop 171,Airport,22799.0,False
S172,62802.0,2,3.28,Stop 172,West,61788.0,False
S173,29127.0,5,2.35,Stop 173,Airport,29507.0,False
S174,35048.0,5,3.75,Stop 174,East,35551.0,False
S175,20222.0,3,2.76,Stop 175,Central,18869.0,False
S176,6144.0,2,4.75,Stop 176,Central,5598.0,False
S178,20347.0,2,1.99,Stop 178,North,19819.0,False
S179,66151.0,7,2.62,Stop 179,West,68633.0,False
S180,8553.0,4,3.24,Stop 180,West,8953.0,False
S181,36587.0,5,2.42,Stop 181,Central,37736.0,False
S182,22008.0,5,2.43,Stop 182,Central,20256.0,False
S183,38333.0,5,3.6,Stop 183,Airport,40802.0,False
S184,58900.0,8,2.86,Stop 184,West,61513.0,False
S185,28565.0,5,2.81,Stop 185,West,30221.0,False
S186,48454.0,7,3.38,Stop 186,South,48173.0,False
S187,29997.0,5,3.19,Stop 187,West,31941.0,False
S188,77411.0,5,2.3,Stop 188,Central,70320.0,False
S189,44280.0,4,1.97,Stop 189,North,40093.0,False
S190,57410.0,4,3.32,Stop 190,North,51878.0,False
S191,5085.0,1,1.31,Stop 191,East,4808.0,False
S192,19792.0,4,2.96,Stop 192,Central,18698.0,False
S193,45335.0,2,1.59,Stop 193,Airport,42332.0,False
S194,20261.0,4,1.68,Stop 194,Central,20303.0,False
S195,21946.0,3,5.9,Stop 195,East,19905.0,False
S196,38608.0,4,3.13,Stop 196,Central,38850.0,False
S197,33768.0,4,1.93,Stop 197,West,31400.0,False
S198,34346.0,5,3.3,Stop 198,Airport,35102.0,False
S199,52035.0,9,2.7,Stop 199,Central,47029.0,False
S200,20397.0,3,3.29,Stop 200,West,19498.0,False
S201,40215.0,3,3.32,Stop 201,Central,42986.0,False
S202,43905.0,8,1.96,Stop 202,North,43769.0,False
S203,20388.0,2,2.84,Stop 203,West,21328.0,False
S204,5139.0,2,2.6,Stop 204,West,5234.0,False
S205,11051.0,3,3.42,Stop 205,East,11161.0,False
S206,35119.0,7,2.5,Stop 206,Central,32816.0,False
S207,70161.0,4,2.49,Stop 207,North,70399.0,False
S208,27415.0,3,3.4,Stop 208,West,24869.0,False
S209,19719.0,3,1.83,Stop 209,Airport,20593.0,False
S210,23122.0,5,3.98,Stop 210,South,24806.0,False
S211,20591.0,4,2.29,Stop 211,East,21697.0,False
S212,14230.0,2,1.64,Stop 212,Central,12937.0,False
S213,15854.0,2,1.64,Stop 213,South,15235.0,False
S214,50603.0,3,1.66,Stop 214,Central,48439.0,False
S215,10346.0,2,3.64,Stop 215,Central,9521.0,False
S216,21094.0,5,2.06,Stop 216,East,21364.0,False
S217,8052.0,2,4.57,Stop 217,Central,8403.0,False
S218,57349.0,9,2.49,Stop 218,West,54853.0,False
S219,46886.0,6,2.62,Stop 219,Central,49479.0,False
S220,5601.0,2,2.04,Stop 220,South,5845.0,False
S221,14918.0,2,2.98,Stop 221,Central,13773.0,False
S222,47930.0,6,3.13,Stop 222,East,49753.0,False
S223,6968.0,2,4.78,Stop 223,Central,7378.0,False
S224,8205.0,4,3.81,Stop 224,Central,7676.0,False
S225,8788.0,2,1.73,Stop 225,Central,8817.0,False
S226,37364.0,4,3.49,Stop 226,South,37924.0,False
S227,27975.0,4,4.48,Stop 227,East,28246.0,False
S228,38979.0,6,2.67,Stop 228,West,35756.0,False
S229,12586.0,1,4.4,Stop 229,North,12825.0,False
S230,19060.0,6,3.12,Stop 230,South,19322.0,False
S231,33486.0,4,4.56,Stop 231,East,35103.0,False
S232,21583.0,4,4.43,Stop 232,South,22546.0,False
S233,23937.0,3,2.37,Stop 233,North,22953.0,False
S234,36938.0,5,2.92,Stop 234,North,38045.0,False
S235,3830.0,1,1.55,Stop 235,West,4045.0,False
S236,20634.0,4,3.99,Stop 236,North,21887.0,False
S237,33881.0,5,3.02,Stop 237,Central,31478.0,False
S238,36743.0,4,4.15,Stop 238,North,33245.0,False
S240,25550.0,3,2.58,Stop 240,West,25988.0,False
S241,35296.0,5,3.07,Stop 241,East,33130.0,False
S242,17685.0,3,3.71,Stop 242,South,17711.0,False
S243,11212.0,3,3.95,Stop 243,West,11998.0,False
S244,39912.0,4,2.81,Stop 244,Airport,38646.0,False
S245,22705.0,5,4.84,Stop 245,East,21468.0,False
S246,63306.0,6,3.84,Stop 246,West,62177.0,False
S247,34596.0,6,2.96,Stop 247,East,35229.0,False
S248,60600.0,8,4.44,Stop 248,Central,55643.0,False
S249,4299.0,2,2.78,Stop 249,Central,4164.0,False
S250,48682.0,5,3.05,Stop 250,South,44986.0,False
S251,46282.0,5,1.89,Stop 251,East,47172.0,False
S252,100773.0,8,2.84,Stop 252,Airport,105761.0,False
S253,41465.0,6,3.03,Stop 253,West,40131.0,False
S254,47784.0,5,3.84,Stop 254,West,46203.0,False
S255,5107.0,1,2.08,Stop 255,North,5092.0,False
S256,13967.0,2,2.3,Stop 256,West,13111.0,False
S257,30437.0,4,3.07,Stop 257,North,28749.0,False
S258,32431.0,3,3.85,Stop 258,West,31113.0,False
S259,19651.0,4,4.51,Stop 259,Airport,19304.0,False
S260,63003.0,6,2.74,Stop 260,Central,57627.0,False
S261,25865.0,3,2.82,Stop 261,South,26783.0,False
S262,66419.0,9,3.04,Stop 262,West,66700.0,False
S263,6933.0,3,2.87,Stop 263,West,6614.0,False
S264,13833.0,4,4.37,Stop 264,East,12643.0,False
S265,67067.0,6,4.43,Stop 265,South,69573.0,False
S266,38117.0,3,2.29,Stop 266,Central,35205.0,False
S267,42310.0,7,2.62,Stop 267,West,39093.0,False
S268,26112.0,4,3.28,Stop 268,West,24115.0,False
S269,47157.0,8,3.27,Stop 269,East,43131.0,False
S270,59194.0,6,2.48,Stop 270,West,62932.0,False
S271,6642.0,1,2.22,Stop 271,South,6300.0,False
S272,31314.0,4,1.82,Stop 272,West,29910.0,False
S273,37762.0,7,3.38,Stop 273,East,39646.0,False
S274,2931.0,1,2.76,Stop 274,South,2965.0,False
S275,17026.0,2,3.36,Stop 275,West,15897.0,False
S276,4586.0,1,5.7,Stop 276,South,4486.0,False
S277,33397.0,3,3.21,Stop 277,North,35371.0,False
S278,8198.0,2,4.32,Stop 278,South,7932.0,False
S279,24930.0,4,2.46,Stop 279,East,25627.0,False
S280,35288.0,4,1.86,Stop 280,East,32374.0,False
S281,81939.0,8,3.64,Stop 281,South,84472.0,False
S282,29549.0,6,2.67,Stop 282,North,30724.0,False
S283,23993.0,4,3.07,Stop 283,East,25160.0,False
S284,33225.0,6,2.68,Stop 284,East,33935.0,False
S285,52852.0,4,3.29,Stop 285,Airport,51094.0,False
S286,53701.0,6,3.87,Stop 286,South,48952.0,False
S287,6515.0,2,1.86,Stop 287,Central,6472.0,False
S288,57856.0,7,3.68,Stop 288,Airport,59959.0,False
S289,42655.0,5,3.06,Stop 289,Airport,39855.0,False
S290,45411.0,5,4.52,Stop 290,Airport,43046.0,False
S291,37138.0,6,3.65,Stop 291,South,37008.0,False
S292,72569.0,9,3.91,Stop 292,West,75087.0,False
S293,1554.0,1,1.58,Stop 293,North,1649.0,False
S294,22458.0,2,1.83,Stop 294,South,20721.0,False
S295,50829.0,5,2.65,Stop 295,Central,47432.0,False
S296,19404.0,3,1.62,Stop 296,North,20256.0,False
S297,34974.0,4,2.49,Stop 297,Central,35534.0,False
S298,16591.0,3,2.25,Stop 298,Central,17085.0,False
S299,13590.0,1,1.57,Stop 299,Central,14669.0,False
S300,69307.0,7,3.64,Stop 300,North,74093.0,False
S301,19693.0,4,4.09,Stop 301,West,20712.0,False
S302,84175.0,8,3.37,Stop 302,West,87532.0,False
S303,63610.0,6,3.82,Stop 303,West,61772.0,False
S304,44269.0,4,3.91,Stop 304,North,44952.0,False
S305,45983.0,7,4.45,Stop 305,East,42911.0,False
S306,18835.0,4,2.78,Stop 306,North,19526.0,False
S307,33969.0,5,2.9,Stop 307,North,35205.0,False
S308,23737.0,4,2.58,Stop 308,Central,24445.0,False
S309,44939.0,6,4.17,Stop 309,Central,44043.0,False
S310,28338.0,4,3.6,Stop 310,North,27433.0,False
S311,21294.0,3,4.58,Stop 311,Central,20774.0,False
S312,34860.0,4,2.28,Stop 312,North,31583.0,False
S313,29447.0,6,3.17,Stop 313,South,30978.0,False
S314,20623.0,5,2.71,Stop 314,East,20574.0,False
S315,45395.0,4,2.79,Stop 315,Airport,44022.0,False
S316,30997.0,6,4.24,Stop 316,Central,30955.0,False
S317,15910.0,2,2.91,Stop 317,Central,16386.0,False
S318,12475.0,1,2.31,Stop 318,Central,12084.0,False
S319,18212.0,5,3.27,Stop 319,Central,19114.0,False
S320,20862.0,4,3.17,Stop 320,East,22229.0,False
S321,91433.0,10,2.23,Stop 321,Airport,88666.0,False
S322,39342.0,5,3.67,Stop 322,North,36384.0,False
S323,13841.0,3,2.38,Stop 323,East,14351.0,False
S324,33734.0,3,2.94,Stop 324,North,36390.0,False
S325,23500.0,4,3.54,Stop 325,East,21776.0,False
S326,19541.0,3,4.15,Stop 326,West,20094.0,False
S327,1757.0,1,4.87,Stop 327,West,1842.0,False
S328,8526.0,1,4.08,Stop 328,West,9086.0,False
S329,40336.0,5,2.02,Stop 329,North,37198.0,False
S330,38375.0,5,2.87,Stop 330,West,35172.0,False
S331,44543.0,5,3.15,Stop 331,East,48009.0,False
S332,18450.0,4,4.25,Stop 332,South,16993.0,False
S333,30950.0,4,3.35,Stop 333,North,28840.0,False
S334,21908.0,5,2.03,Stop 334,North,21984.0,False
S335,44302.0,3,2.67,Stop 335,South,43431.0,False
S336,6747.0,3,3.8,Stop 336,Central,6984.0,False
S337,15842.0,3,3.04,Stop 337,East,14801.0,False
S338,10088.0,2,1.55,Stop 338,East,10740.0,False
S339,21270.0,4,4.18,Stop 339,North,19975.0,False
S340,53897.0,3,4.39,Stop 340,North,55969.0,False
S341,35113.0,4,2.86,Stop 341,East,32029.0,False
S342,44310.0,10,2.62,Stop 342,East,43655.0,False
S343,52345.0,8,3.0,Stop 343,Airport,47417.0,False
S344,45440.0,4,3.4,Stop 344,West,43463.0,False
S345,36478.0,6,3.73,Stop 345,South,34880.0,False
S346,7802.0,1,4.1,Stop 346,South,8033.0,False
S347,45567.0,3,1.67,Stop 347,North,44742.0,False
S348,42216.0,4,1.85,Stop 348,Central,38426.0,False
S349,33142.0,5,4.34,Stop 349,North,35766.0,False
S350,17993.0,3,1.87,Stop 350,South,19072.0,False
S351,24615.0,3,1.88,Stop 351,South,26213.0,False
S352,49321.0,4,2.53,Stop 352,Central,46578.0,False
S353,10344.0,2,3.57,Stop 353,Central,10043.0,False
S354,12258.0,1,6.19,Stop 354,Central,11533.0,False
S355,41472.0,6,3.79,Stop 355,Central,38257.0,False
S356,23449.0,3,3.58,Stop 356,North,21243.0,False
S357,13989.0,2,1.84,Stop 357,West,13858.0,False
S358,38373.0,7,2.47,Stop 358,North,35386.0,False
S359,14375.0,3,3.57,Stop 359,North,13394.0,False
S360,42351.0,5,2.23,Stop 360,Central,44675.0,False
S361,27009.0,5,2.24,Stop 361,East,26662.0,False
S362,38514.0,4,2.03,Stop 362,Central,35936.0,False
S363,25188.0,5,3.37,Stop 363,South,25706.0,False
S364,49900.0,6,3.43,Stop 364,North,47298.0,False
S365,47203.0,4,3.5,Stop 365,South,46960.0,False
S366,19277.0,3,2.87,Stop 366,Central,18331.0,False
S367,35251.0,5,2.55,Stop 367,North,35001.0,False
S368,40530.0,3,5.28,Stop 368,South,41062.0,False
S369,4884.0,1,7.81,Stop 369,South,4867.0,False
S370,55524.0,4,5.15,Stop 370,Central,53925.0,False
S371,47284.0,4,4.3,Stop 371,South,49286.0,False
S372,23643.0,4,1.41,Stop 372,Central,24996.0,False
S373,23518.0,5,2.61,Stop 373,Central,21926.0,False
S374,39603.0,5,2.04,Stop 374,Central,36614.0,False
S375,28424.0,6,2.81,Stop 375,Central,26161.0,False
S376,8306.0,3,3.41,Stop 376,North,8940.0,False
S377,39193.0,4,2.56,Stop 377,Central,41916.0,False
S378,91102.0,5,3.53,Stop 378,Airport,85774.0,False
S379,14249.0,4,1.36,Stop 379,Central,15312.0,False
S380,62958.0,7,3.56,Stop 380,North,59017.0,False
S381,63948.0,5,4.15,Stop 381,Central,63383.0,False
S382,52884.0,6,2.85,Stop 382,East,52330.0,False
S383,25642.0,3,4.51,Stop 383,Central,27301.0,False
S384,6264.0,1,2.21,Stop 384,East,5683.0,False
S385,21919.0,5,3.08,Stop 385,North,20971.0,False
S386,45958.0,6,3.04,Stop 386,Airport,46325.0,False
S387,89044.0,9,3.53,Stop 387,Airport,81204.0,False
S388,24086.0,3,2.92,Stop 388,South,22703.0,False
S389,24580.0,4,2.46,Stop 389,North,24180.0,False
S390,30158.0,3,3.65,Stop 390,Central,31924.0,False
S391,12202.0,3,2.39,Stop 391,South,12653.0,False
S392,7803.0,1,1.29,Stop 392,South,8187.0,False
S393,29357.0,4,3.12,Stop 393,North,30443.0,False
S394,58398.0,8,2.48,Stop 394,South,59998.0,False
S395,19984.0,4,1.51,Stop 395,Central,21042.0,False
S396,30282.0,3,3.1,Stop 396,Central,30968.0,False
S397,55994.0,5,2.82,Stop 397,Central,57809.0,False
S398,34450.0,4,4.25,Stop 398,North,32875.0,False
S399,49712.0,7,3.06,Stop 399,South,46241.0,False
S400,10010.0,3,3.24,Stop 400,East,10372.0,False
S401,2730.0,1,1.36,Stop 401,Central,2538.0,False
S402,35052.0,5,3.6,Stop 402,East,37348.0,False
S403,16968.0,2,1.81,Stop 403,East,17093.0,False
S404,43362.0,4,3.47,Stop 404,Central,41597.0,False
S405,17693.0,2,3.24,Stop 405,Central,18907.0,False
S406,44993.0,4,2.52,Stop 406,North,41750.0,False
S407,17370.0,2,3.4,Stop 407,North,17242.0,False
S408,25785.0,3,4.43,Stop 408,Central,23631.0,False
S409,41818.0,5,3.44,Stop 409,Central,44903.0,False
S410,18465.0,3,2.45,Stop 410,West,18531.0,False
S411,34400.0,5,4.1,Stop 411,West,35936.0,False
S412,29038.0,6,4.27,Stop 412,Central,27608.0,False
S413,60951.0,5,3.49,Stop 413,West,63653.0,False
S414,31775.0,4,1.48,Stop 414,East,32617.0,False
S415,65020.0,6,2.6,Stop 415,South,66051.0,False
S416,40975.0,6,3.42,Stop 416,East,43888.0,False
S417,26986.0,2,2.23,Stop 417,East,26393.0,False
S418,14592.0,3,2.8,Stop 418,North,14223.0,False
S419,15018.0,2,2.25,Stop 419,South,15387.0,False
S420,35182.0,3,3.31,Stop 420,East,36952.0,False
S421,53347.0,4,1.91,Stop 421,Central,51230.0,False
S422,3632.0,1,2.03,Stop 422,Central,3707.0,False
S423,11367.0,2,1.32,Stop 423,Central,10658.0,False
S424,8261.0,4,3.67,Stop 424,South,8255.0,False
S425,6043.0,2,3.6,Stop 425,South,6275.0,False
S426,55472.0,5,3.75,Stop 426,East,50577.0,False
S427,2836.0,1,4.93,Stop 427,Central,2924.0,False
S428,796.0,1,1.96,Stop 428,Airport,719.0,False
S429,43395.0,5,2.32,Stop 429,Central,46541.0,False
S430,24053.0,3,4.89,Stop 430,Central,23677.0,False
S431,32471.0,7,2.73,Stop 431,West,31615.0,False
S432,7351.0,1,3.92,Stop 432,West,7569.0,False
S433,18853.0,3,1.75,Stop 433,West,18744.0,False
S434,9853.0,1,1.57,Stop 434,South,10164.0,False
S435,98824.0,8,3.08,Stop 435,West,90449.0,False
S436,40535.0,6,2.82,Stop 436,West,40588.0,False
S437,47415.0,4,4.05,Stop 437,Central,47437.0,False
S438,41302.0,7,3.38,Stop 438,North,44101.0,False
S439,33166.0,4,4.89,Stop 439,East,30086.0,False
S440,7686.0,1,1.26,Stop 440,West,7544.0,False
S441,47982.0,5,3.75,Stop 441,West,48634.0,False
S442,14192.0,3,1.71,Stop 442,West,14180.0,False
S443,2928.0,1,5.24,Stop 443,Airport,2674.0,False
S444,8079.0,1,1.57,Stop 444,Central,8134.0,False
S445,20038.0,4,4.29,Stop 445,East,18836.0,False
S446,15742.0,4,3.62,Stop 446,Central,14722.0,False
S447,33306.0,5,3.2,Stop 447,Airport,35243.0,False
S448,62729.0,7,2.88,Stop 448,Airport,58690.0,False
S449,19528.0,2,1.84,Stop 449,South,19172.0,False
S450,26419.0,4,3.51,Stop 450,East,27345.0,False
S451,12499.0,2,1.91,Stop 451,Airport,12840.0,False
S452,42921.0,7,2.92,Stop 452,West,42905.0,False
S453,17751.0,3,2.2,Stop 453,East,18555.0,False
S454,29449.0,4,5.04,Stop 454,East,28973.0,False
S455,27361.0,4,3.65,Stop 455,North,27680.0,False
S456,21682.0,3,6.0,Stop 456,North,22710.0,False
S457,27337.0,4,1.99,Stop 457,East,27940.0,False
S458,29598.0,5,2.38,Stop 458,Central,30058.0,False
S459,66048.0,4,2.98,Stop 459,East,64272.0,False
S460,83147.0,7,4.24,Stop 460,West,83188.0,False
S461,17667.0,4,2.45,Stop 461,North,17160.0,False
S462,31441.0,5,2.49,Stop 462,Central,32509.0,False
S463,17136.0,4,3.61,Stop 463,Airport,16596.0,False
S464,15299.0,4,3.82,Stop 464,East,15054.0,False
S465,26855.0,5,3.8,Stop 465,Central,27821.0,False
S466,54580.0,5,3.59,Stop 466,East,54070.0,False
S467,4343.0,1,3.24,Stop 467,East,4173.0,False
S468,2931.0,1,2.76,Stop 468,South,3074.0,False
S469,32460.0,4,1.94,Stop 469,Airport,31440.0,False
S470,40357.0,5,3.6,Stop 470,North,42458.0,False
S471,45629.0,4,1.8,Stop 471,East,47515.0,False
S472,4884.0,1,7.81,Stop 472,West,4789.0,False
S473,22553.0,4,2.83,Stop 473,North,23192.0,False
S474,29502.0,4,1.81,Stop 474,Airport,26734.0,False
S475,10733.0,2,3.43,Stop 475,Airport,10413.0,False
S476,19824.0,3,2.46,Stop 476,Central,20912.0,False
S477,35182.0,5,3.42,Stop 477,Airport,35334.0,False
S478,32126.0,4,2.74,Stop 478,South,32139.0,False
S479,30885.0,5,3.67,Stop 479,North,31492.0,False
S480,26818.0,3,2.36,Stop 480,South,27407.0,False
S481,23125.0,4,3.31,Stop 481,East,23242.0,False
S482,62666.0,7,2.85,Stop 482,Airport,61144.0,False
S483,62926.0,5,3.34,Stop 483,Airport,58712.0,False
S484,7351.0,1,3.92,Stop 484,West,7003.0,False
S485,15388.0,4,3.35,Stop 485,Central,14661.0,False
S486,41555.0,5,3.25,Stop 486,North,40621.0,False
S487,36522.0,5,3.09,Stop 487,Central,39438.0,False
S488,30429.0,5,2.22,Stop 488,South,29317.0,False
S489,53516.0,7,3.83,Stop 489,West,52474.0,False
S490,49659.0,5,2.98,Stop 490,Central,48015.0,False
S491,9897.0,2,2.92,Stop 491,West,9943.0,False
S492,46025.0,7,2.2,Stop 492,South,49275.0,False
S493,35484.0,6,2.86,Stop 493,North,37614.0,False
S494,9372.0,2,1.79,Stop 494,South,9071.0,False
S495,29315.0,2,6.09,Stop 495,South,27792.0,False
S496,33800.0,5,2.71,Stop 496,West,35801.0,False
S497,11217.0,3,4.58,Stop 497,Airport,11092.0,False
S498,41653.0,4,3.19,Stop 498,South,42628.0,False
S499,32198.0,5,2.78,Stop 499,South,29403.0,False
S500,28634.0,3,4.52,Stop 500,North,30237.0,False
