vehicle_id,vehicle_type,capacity,in_service_since,status
V001,standard_bus,60,2023-11-08,operational
V002,articulated_bus,85,2021-11-23,operational
V003,standard_bus,60,2021-04-13,operational
V004,standard_bus,60,2019-05-13,operational
V005,standard_bus,60,2022-07-23,operational
V006,articulated_bus,85,2020-01-26,operational
V007,standard_bus,60,2024-08-20,operational
V008,minibus,32,2018-07-21,operational
V009,standard_bus,60,2021-11-15,operational
V010,standard_bus,60,2024-04-27,operational
V011,standard_bus,60,2024-03-28,operational
V012,standard_bus,60,2020-10-22,operational
V013,minibus,32,2019-06-02,maintenance
V014,standard_bus,60,2021-11-27,operational
V015,standard_bus,60,2021-10-28,operational
V016,standard_bus,60,2018-05-04,operational
V017,minibus,32,2023-12-05,operational
V018,standard_bus,60,2021-12-26,operational
V019,minibus,32,2018-08-16,operational
V020,standard_bus,60,2021-07-08,operational
V021,articulated_bus,85,2023-01-23,operational
V022,standard_bus,60,2022-06-26,operational
V023,articulated_bus,85,2019-04-02,operational
V024,standard_bus,60,2019-07-21,operational
V025,articulated_bus,85,2020-05-06,operational
V026,standard_bus,60,2024-08-18,operational
V027,articulated_bus,85,2020-04-16,operational
V028,articulated_bus,85,2018-05-05,operational
V029,minibus,32,2021-10-19,operational
V030,standard_bus,60,2023-06-04,operational
V031,standard_bus,60,2021-12-04,operational
V032,minibus,32,2018-10-19,operational
V033,standard_bus,60,2022-08-22,operational
V034,standard_bus,60,2024-03-07,operational
V035,standard_bus,60,2023-02-14,operational
V036,standard_bus,60,2019-08-13,operational
V037,standard_bus,60,2018-03-29,operational
V038,minibus,32,2019-08-01,operational
V039,standard_bus,60,2024-04-21,operational
V040,standard_bus,60,2019-11-17,operational
V041,standard_bus,60,2021-12-16,operational
V042,articulated_bus,85,2020-03-03,operational
V043,minibus,32,2022-03-19,operational
V044,standard_bus,60,2019-11-16,operational
V045,standard_bus,60,2024-03-07,operational
V046,minibus,32,2020-06-09,operational
V047,minibus,32,2023-03-31,operational
V048,minibus,32,2023-02-26,operational
V049,standard_bus,60,2018-06-23,operational
V050,standard_bus,60,2020-12-26,operational
V051,minibus,32,2018-09-15,operational
V052,standard_bus,60,2022-07-18,operational
V053,standard_bus,60,2022-05-08,operational
V054,minibus,32,2018-11-08,operational
V055,standard_bus,60,2021-10-21,operational
V056,standard_bus,60,2023-04-05,operational
V057,standard_bus,60,2020-11-29,operational
V058,standard_bus,60,2018-08-24,operational
V059,minibus,32,2018-02-02,operational
V060,standard_bus,60,2024-05-17,operational
V061,standard_bus,60,2020-12-07,operational
V062,articulated_bus,85,2020-05-11,maintenance
V063,minibus,32,2024-07-10,operational
V064,articulated_bus,85,2023-12-10,operational
V065,articulated_bus,85,2021-02-05,operational
V066,minibus,32,2018-02-11,operational
V067,standard_bus,60,2024-08-16,operational
V068,articulated_bus,85,2022-01-31,operational
V069,standard_bus,60,2024-05-02,operational
V070,articulated_bus,85,2024-07-23,operational
V071,standard_bus,60,2020-02-23,operational
V072,standard_bus,60,2018-07-03,operational
V073,standard_bus,60,2022-10-29,operational
V074,minibus,32,2022-08-24,operational
V075,standard_bus,60,2022-04-17,operational
V076,standard_bus,60,2019-06-17,operational
V077,minibus,32,2022-11-27,operational
V078,standard_bus,60,2018-07-19,operational
V079,articulated_bus,85,2021-05-19,operational
V080,standard_bus,60,2024-11-01,operational
V081,minibus,32,2021-08-29,operational
V082,articulated_bus,85,2018-10-21,operational
V083,minibus,32,2021-02-25,maintenance
V084,articulated_bus,85,2020-08-10,operational
V085,articulated_bus,85,2024-10-25,operational
V086,standard_bus,60,2019-04-20,operational
V087,articulated_bus,85,2019-07-24,operational
V088,standard_bus,60,2022-03-23,operational
V089,standard_bus,60,2021-03-11,operational
V090,minibus,32,2024-06-04,operational
V091,standard_bus,60,2024-07-20,operational
V092,standard_bus,60,2024-08-15,operational
V093,standard_bus,60,2024-08-30,operational
V094,standard_bus,60,2018-08-17,operational
V095,standard_bus,60,2023-05-18,operational
V096,articulated_bus,85,2018-11-24,operational
V097,articulated_bus,85,2020-11-20,operational
V098,articulated_bus,85,2018-02-14,operational
V099,standard_bus,60,2020-12-10,operational
V100,standard_bus,60,2024-09-01,operational
V101,standard_bus,60,2018-04-21,operational
V102,standard_bus,60,2020-04-07,operational
V103,minibus,32,2021-03-16,operational
V104,articulated_bus,85,2023-03-11,operational
V105,articulated_bus,85,2019-12-06,operational
V106,standard_bus,60,2023-09-30,operational
V107,standard_bus,60,2021-07-05,operational
V108,standard_bus,60,2020-09-30,operational
V109,standard_bus,60,2023-01-22,operational
V110,articulated_bus,85,2023-01-19,operational
V111,articulated_bus,85,2018-04-13,operational
V112,standard_bus,60,2019-05-24,operational
V113,standard_bus,60,2020-02-05,operational
V114,standard_bus,60,2024-05-27,operational
V115,standard_bus,60,2024-08-06,operational
V116,standard_bus,60,2023-05-27,operational
V117,standard_bus,60,2018-10-23,operational
V118,standard_bus,60,2018-08-23,operational
V119,minibus,32,2019-03-13,operational
V120,standard_bus,60,2018-07-09,operational
V121,standard_bus,60,2020-09-16,operational
V122,standard_bus,60,2023-06-23,operational
V123,articulated_bus,85,2020-08-21,operational
V124,standard_bus,60,2022-05-23,operational
V125,standard_bus,60,2024-01-08,operational
V126,standard_bus,60,2021-04-29,operational
V127,standard_bus,60,2019-09-08,operational
V128,standard_bus,60,2019-01-01,operational
V129,standard_bus,60,2024-02-22,operational
V130,standard_bus,60,2019-07-19,operational
V131,standard_bus,60,2023-07-24,operational
V132,standard_bus,60,2021-04-17,operational
V133,standard_bus,60,2018-12-24,operational
V134,standard_bus,60,2023-01-09,operational
V135,standard_bus,60,2022-06-23,operational
V136,standard_bus,60,2023-11-20,operational
V137,standard_bus,60,2023-05-29,operational
V138,standard_bus,60,2021-03-31,operational
V139,minibus,32,2023-11-28,maintenance
V140,standard_bus,60,2022-01-11,operational
V141,articulated_bus,85,2019-10-06,operational
V142,articulated_bus,85,2023-01-22,operational
V143,standard_bus,60,2022-09-16,operational
V144,standard_bus,60,2018-07-05,maintenance
V145,articulated_bus,85,2021-10-30,operational
V146,standard_bus,60,2024-01-24,operational
V147,standard_bus,60,2023-10-03,operational
V148,minibus,32,2018-02-11,operational
V149,standard_bus,60,2024-08-26,operational
V150,standard_bus,60,2020-11-22,operational
V151,standard_bus,60,2023-06-14,operational
V152,articulated_bus,85,2018-08-19,operational
V153,standard_bus,60,2020-01-14,operational
V154,minibus,32,2019-11-14,operational
V155,articulated_bus,85,2019-07-05,operational
V156,minibus,32,2023-01-15,operational
V157,standard_bus,60,2023-01-30,operational
V158,standard_bus,60,2024-09-12,operational
V159,standard_bus,60,2023-09-08,operational
V160,standard_bus,60,2018-11-02,operational
V161,standard_bus,60,2018-03-10,operational
V162,articulated_bus,85,2022-03-22,operational
V163,articulated_bus,85,2023-01-09,operational
V164,standard_bus,60,2020-11-27,maintenance
V165,standard_bus,60,2023-12-02,operational
V166,minibus,32,2020-12-02,maintenance
V167,standard_bus,60,2019-09-04,operational
V168,articulated_bus,85,2019-11-27,operational
V169,minibus,32,2020-09-19,operational
V170,articulated_bus,85,2022-05-07,operational
V171,articulated_bus,85,2020-11-22,operational
V172,standard_bus,60,2020-07-03,operational
V173,standard_bus,60,2024-04-16,operational
V174,articulated_bus,85,2023-10-28,operational
V175,standard_bus,60,2023-04-22,operational
V176,standard_bus,60,2018-11-11,operational
V177,standard_bus,60,2023-04-28,operational
V178,articulated_bus,85,2024-08-06,operational
V179,standard_bus,60,2020-07-20,operational
V180,articulated_bus,85,2022-12-29,operational
V181,standard_bus,60,2019-01-16,operational
V182,standard_bus,60,2021-02-21,operational
V183,articulated_bus,85,2021-07-18,operational
V184,standard_bus,60,2023-05-01,operational
V185,articulated_bus,85,2021-04-01,operational
V186,standard_bus,60,2020-05-25,operational
V187,articulated_bus,85,2024-09-28,operational
V188,articulated_bus,85,2023-12-23,operational
V189,standard_bus,60,2022-03-19,operational
V190,standard_bus,60,2023-09-01,operational
V191,standard_bus,60,2020-07-13,operational
V192,standard_bus,60,2024-06-27,operational
V193,standard_bus,60,2024-01-31,operational
V194,minibus,32,2022-03-17,operational
V195,standard_bus,60,2019-09-15,operational
V196,standard_bus,60,2018-11-18,operational
V197,articulated_bus,85,2019-04-08,maintenance
V198,standard_bus,60,2024-03-15,operational
V199,standard_bus,60,2019-11-27,operational
V200,articulated_bus,85,2022-07-31,operational
V201,standard_bus,60,2024-02-12,operational
V202,standard_bus,60,2022-05-29,operational
V203,standard_bus,60,2021-12-06,operational
V204,standard_bus,60,2024-07-21,operational
V205,standard_bus,60,2018-09-13,operational
V206,standard_bus,60,2019-09-12,operational
V207,minibus,32,2024-04-12,operational
V208,standard_bus,60,2018-04-08,maintenance
V209,standard_bus,60,2019-12-04,operational
V210,standard_bus,60,2020-11-09,operational
V211,standard_bus,60,2023-11-20,operational
V212,standard_bus,60,2018-04-15,operational
V213,articulated_bus,85,2018-03-05,operational
V214,standard_bus,60,2020-05-22,operational
V215,standard_bus,60,2021-05-25,operational
V216,standard_bus,60,2024-08-19,operational
V217,standard_bus,60,2020-07-28,operational
V218,standard_bus,60,2020-02-05,operational
V219,standard_bus,60,2019-03-24,operational
V220,standard_bus,60,2024-09-29,operational
V221,standard_bus,60,2019-05-31,operational
V222,articulated_bus,85,2019-06-23,operational
V223,articulated_bus,85,2018-05-27,operational
V224,articulated_bus,85,2019-03-08,operational
V225,standard_bus,60,2022-10-29,operational
V226,articulated_bus,85,2024-09-19,operational
V227,standard_bus,60,2022-08-01,operational
V228,standard_bus,60,2022-06-24,operational
V229,standard_bus,60,2018-06-07,operational
V230,articulated_bus,85,2022-03-12,operational
V231,standard_bus,60,2018-11-10,operational
V232,minibus,32,2023-07-29,operational
V233,articulated_bus,85,2019-09-21,operational
V234,articulated_bus,85,2018-12-27,operational
V235,standard_bus,60,2020-10-28,operational
V236,standard_bus,60,2023-02-25,operational
V237,standard_bus,60,2019-04-01,operational
V238,standard_bus,60,2021-07-30,operational
V239,articulated_bus,85,2022-09-20,operational
V240,standard_bus,60,2019-01-21,operational
V241,standard_bus,60,2023-05-06,operational
V242,standard_bus,60,2021-10-24,operational
V243,standard_bus,60,2022-10-31,operational
V244,standard_bus,60,2023-11-14,operational
V245,standard_bus,60,2022-01-08,operational
V246,articulated_bus,85,2018-01-01,operational
V247,standard_bus,60,2019-03-22,operational
V248,minibus,32,2018-02-08,operational
V249,standard_bus,60,2019-04-06,operational
V250,standard_bus,60,2023-03-03,operational
