route_id,demand,trips,occupancy,avg_delay,on_time,p90_delay,overload_events,distance_km,n_stops,headway_min,archetype,reliability,score,classification,route_name,cluster
R001,26077.0,651,66.43,5.74,56.22,11.9,89,27.4,19,6,unreliable,71.0,47.0,High Performing,North – Central Line 1,0
R002,328889.0,6432,82.39,2.12,94.57,4.5,1798,23.0,26,15,high_performing,93.0,77.0,High Performing,Riverside – Old City Line 2,1
R003,74791.0,1834,66.1,4.33,64.39,8.97,205,24.1,29,12,unreliable,77.0,53.0,High Performing,Old City – Hillside Line 3,0
R004,29547.0,587,80.05,2.05,95.06,4.34,151,18.0,13,10,high_performing,94.0,64.0,High Performing,Central – Industrial Line 4,3
R005,81524.0,3633,36.36,1.53,99.06,3.3,1,36.1,16,10,underutilized,96.0,68.0,"Reliable, Underutilized",Hillside – Airport Line 5,2
R006,86427.0,3818,36.65,1.45,99.42,3.1,1,14.1,12,8,underutilized,97.0,69.0,"Reliable, Underutilized",Airport – Suburb East Line 6,2
R007,76855.0,3378,36.82,1.34,99.59,2.9,1,11.8,17,6,underutilized,97.0,68.0,"Reliable, Underutilized",Industrial – Suburb East Line 7,2
R008,239553.0,3595,107.82,4.2,65.4,8.6,2123,18.9,23,12,overcrowded,78.0,61.0,Overcrowded,Industrial – Airport Line 8,4
R009,157405.0,3102,82.28,2.04,96.26,4.3,911,14.5,32,12,high_performing,94.0,70.0,High Performing,Suburb West Loop 9,3
R010,157576.0,3098,82.33,1.79,98.35,3.8,874,9.1,14,8,high_performing,96.0,71.0,High Performing,Suburb East – Hillside Line 10,3
R011,489395.0,7408,107.26,3.08,76.93,6.4,4313,25.5,17,8,overcrowded,84.0,78.0,Overcrowded,Industrial – University Line 11,4
R012,402737.0,6096,107.06,4.4,63.81,9.1,3535,31.3,28,6,overcrowded,76.0,68.0,Overcrowded,Airport – Riverside Line 12,4
R013,232367.0,4576,82.21,1.75,98.62,3.7,1262,24.4,27,10,high_performing,96.0,75.0,High Performing,North – Harbor Line 13,3
R014,151118.0,2265,107.51,4.7,61.85,9.6,1320,30.5,27,15,overcrowded,75.0,55.0,Overcrowded,Central – Harbor Line 14,4
R015,178746.0,3570,81.36,2.08,95.35,4.3,957,21.4,33,20,high_performing,94.0,71.0,High Performing,Central – Hillside Line 15,1
R016,187269.0,3685,81.88,1.29,99.67,2.8,1006,22.4,20,20,high_performing,97.0,73.0,High Performing,Riverside – Suburb West Line 16,1
R017,198182.0,3905,81.94,1.5,99.49,3.1,1110,25.3,27,6,high_performing,97.0,74.0,High Performing,Riverside – Suburb West Line 17,3
R018,141406.0,2780,81.8,2.23,92.19,4.8,760,6.8,17,12,high_performing,92.0,68.0,High Performing,North – Hillside Line 18,3
R019,114123.0,4990,37.16,1.38,99.58,3.0,0,9.5,29,20,underutilized,97.0,70.0,"Reliable, Underutilized",University – Riverside Line 19,2
R020,70898.0,1081,106.37,4.93,60.5,10.5,625,34.0,21,8,overcrowded,74.0,51.0,Overcrowded,Central – Harbor Line 20,4
R021,28930.0,1176,40.2,4.8,60.97,9.65,0,21.4,29,8,low_performing,75.0,50.0,High Performing,Harbor – North Line 21,0
R022,706306.0,13801,82.69,1.21,99.63,2.6,3995,31.5,10,20,high_performing,97.0,97.0,High Performing,Hillside – Airport Line 22,1
R023,92150.0,1827,81.94,1.58,99.29,3.4,510,7.8,12,12,high_performing,96.0,68.0,High Performing,Industrial – North Line 23,3
R024,49332.0,963,83.0,1.76,98.23,3.8,287,9.6,32,12,high_performing,95.0,66.0,High Performing,Suburb East – Harbor Line 24,3
R025,201364.0,8215,39.72,5.29,57.7,10.9,10,30.6,19,8,low_performing,72.0,56.0,High Performing,Airport – Suburb West Line 25,0
R026,66576.0,1294,83.91,1.55,99.0,3.3,395,34.1,20,12,high_performing,96.0,67.0,High Performing,Industrial – Riverside Line 26,3
R027,44986.0,1949,37.36,2.39,90.66,4.9,1,15.1,10,10,underutilized,91.0,63.0,"Reliable, Underutilized",Hillside – Harbor Line 27,2
R028,253451.0,3807,107.8,4.77,61.54,9.8,2250,15.2,11,15,overcrowded,75.0,60.0,Overcrowded,Old City – University Line 28,4
R029,381865.0,15457,39.94,6.49,51.47,13.4,14,7.5,29,20,low_performing,67.0,60.0,High Performing,Harbor – Suburb West Line 29,0
R030,324083.0,7958,65.97,5.78,54.9,11.8,1007,18.0,31,15,unreliable,70.0,60.0,High Performing,Hillside – Suburb West Line 30,0
R031,60835.0,1208,81.6,1.66,99.5,3.6,347,24.3,10,8,high_performing,96.0,67.0,High Performing,Hillside – Old City Line 31,3
R032,21026.0,521,66.18,5.23,57.58,11.0,60,15.6,26,12,unreliable,72.0,47.0,High Performing,Harbor – Hillside Line 32,0
R033,133066.0,5850,36.89,2.5,88.58,5.2,0,33.2,25,10,underutilized,90.0,66.0,"Reliable, Underutilized",North – Harbor Line 33,2
R034,298908.0,13243,36.57,1.57,99.18,3.3,3,12.3,31,10,underutilized,96.0,78.0,"Reliable, Underutilized",Harbor – Lakeview Line 34,2
R035,76438.0,3412,36.3,1.36,99.59,2.9,0,24.9,22,20,underutilized,97.0,68.0,"Reliable, Underutilized",University – Lakeview Line 35,2
R036,39487.0,1588,40.46,5.16,59.19,10.6,4,32.8,13,10,low_performing,73.0,49.0,High Performing,Suburb East – North Line 36,0
R037,52781.0,2334,36.54,1.34,99.61,2.8,0,34.1,11,15,underutilized,97.0,67.0,"Reliable, Underutilized",Airport – Suburb West Line 37,2
R038,314919.0,13974,36.53,2.06,95.5,4.3,3,19.8,28,10,underutilized,94.0,77.0,"Reliable, Underutilized",Suburb West – Harbor Line 38,2
R039,96731.0,1472,105.58,2.6,84.58,5.6,831,16.4,14,8,overcrowded,88.0,63.0,Overcrowded,Airport – North Line 39,3
R040,55191.0,845,106.39,3.58,69.23,7.5,483,7.3,14,8,overcrowded,80.0,55.0,Overcrowded,Old City – Central Line 40,4
R041,76277.0,3102,39.79,4.44,64.06,9.2,1,12.4,16,12,low_performing,76.0,53.0,High Performing,Airport – Central Line 41,0
R042,146549.0,2909,82.07,2.33,91.75,4.9,807,32.6,27,6,high_performing,92.0,68.0,High Performing,Harbor – Suburb West Line 42,3
R043,153711.0,2979,83.1,1.26,99.6,2.7,843,22.3,18,6,high_performing,97.0,72.0,High Performing,Harbor – Central Line 43,3
R044,200495.0,3993,81.03,1.34,99.6,2.9,1086,21.5,21,6,high_performing,97.0,74.0,High Performing,North – Suburb West Line 44,3
R045,782379.0,15438,81.77,1.6,99.22,3.4,4289,25.6,17,20,high_performing,96.0,100.0,High Performing,Airport – Suburb West Line 45,1
R046,136759.0,3360,66.17,7.81,44.17,15.8,422,12.3,24,12,unreliable,62.0,45.0,High Performing,Suburb East – Old City Line 46,0
R047,278280.0,12330,36.54,2.08,95.41,4.4,2,24.6,20,20,underutilized,94.0,75.0,"Reliable, Underutilized",Airport Loop 47,1
R048,164487.0,6644,39.95,4.56,62.94,9.5,1,31.7,14,8,low_performing,76.0,57.0,High Performing,Lakeview – Riverside Line 48,0
R049,162866.0,3184,82.13,2.21,94.35,4.5,899,7.9,22,6,high_performing,93.0,69.0,High Performing,North – Lakeview Line 49,3
R050,82553.0,1998,66.69,5.7,56.41,12.0,239,36.9,16,10,unreliable,71.0,49.0,High Performing,Suburb East – Hillside Line 50,0
R051,102576.0,1544,107.41,2.76,81.02,6.0,898,14.1,33,8,overcrowded,86.0,62.0,Overcrowded,Harbor – Airport Line 51,4
R052,325944.0,6398,82.22,1.61,99.11,3.4,1831,10.9,25,10,high_performing,96.0,79.0,High Performing,Central – Suburb East Line 52,3
R053,264068.0,5220,81.75,1.83,98.08,3.8,1423,18.5,19,15,high_performing,95.0,76.0,High Performing,Central – University Line 53,1
R054,489231.0,21536,36.72,1.57,99.22,3.3,6,23.7,30,12,underutilized,96.0,87.0,"Reliable, Underutilized",University – North Line 54,1
R055,101706.0,4522,36.27,1.31,99.45,2.9,1,19.4,18,20,underutilized,97.0,69.0,"Reliable, Underutilized",University – Central Line 55,2
R056,76263.0,1486,83.45,2.03,95.83,4.2,429,15.8,17,12,high_performing,94.0,66.0,High Performing,Suburb East – Lakeview Line 56,3
R057,125847.0,2504,81.84,1.85,97.96,3.9,707,16.0,11,10,high_performing,95.0,69.0,High Performing,Central – Lakeview Line 57,3
R058,32869.0,1337,40.02,6.14,53.33,12.54,1,11.3,21,12,low_performing,69.0,46.0,High Performing,North – Riverside Line 58,0
R059,255707.0,5021,82.44,2.44,89.82,5.1,1417,34.0,23,20,high_performing,91.0,72.0,High Performing,Lakeview – Hillside Line 59,1
R060,181204.0,4356,66.99,4.82,60.7,9.8,557,11.5,19,12,unreliable,74.0,56.0,High Performing,Suburb East – Industrial Line 60,0
R061,336834.0,6617,82.5,2.31,92.19,4.8,1882,10.1,23,20,high_performing,92.0,77.0,High Performing,Industrial – Riverside Line 61,1
R062,299477.0,5869,82.56,1.35,99.51,2.9,1665,28.9,28,8,high_performing,97.0,78.0,High Performing,Old City – Harbor Line 62,3
R063,450312.0,18276,39.83,5.62,55.79,11.5,15,25.5,19,6,low_performing,71.0,66.0,High Performing,Suburb East – Lakeview Line 63,0
R064,279336.0,4188,107.54,3.92,67.02,8.1,2425,34.9,32,8,overcrowded,79.0,64.0,Overcrowded,Riverside – North Line 64,4
R065,774179.0,15245,82.16,2.44,89.09,5.1,4246,21.1,29,10,high_performing,91.0,96.0,High Performing,Central – Hillside Line 65,1
R066,100667.0,4462,36.56,1.71,98.86,3.6,1,34.7,17,12,underutilized,96.0,69.0,"Reliable, Underutilized",Lakeview – Old City Line 66,2
R067,225880.0,5482,66.17,7.07,48.83,14.7,668,32.9,30,15,unreliable,65.0,52.0,High Performing,Central – Harbor Line 67,0
R068,118716.0,5273,36.5,1.55,99.28,3.3,0,15.7,27,15,underutilized,96.0,70.0,"Reliable, Underutilized",Industrial – Old City Line 68,2
R069,327228.0,7994,66.24,4.48,63.22,9.4,977,15.9,13,20,unreliable,76.0,64.0,High Performing,Harbor – Industrial Line 69,0
R070,275895.0,5383,82.79,1.57,99.33,3.3,1534,25.1,26,10,high_performing,96.0,77.0,High Performing,Old City – University Line 70,3
R071,172566.0,3446,81.0,1.87,97.45,4.0,920,14.1,23,10,high_performing,95.0,71.0,High Performing,North – Old City Line 71,3
R072,46843.0,1948,39.08,5.24,59.45,11.3,0,26.1,12,6,low_performing,72.0,49.0,High Performing,Airport Loop 72,0
R073,251549.0,4986,81.75,2.11,95.13,4.5,1378,37.2,24,12,high_performing,94.0,74.0,High Performing,Old City – Riverside Line 73,3
R074,198970.0,8843,36.46,1.24,99.56,2.7,2,36.7,26,10,underutilized,97.0,74.0,"Reliable, Underutilized",Hillside Loop 74,2
R075,336486.0,8144,66.79,5.29,56.8,10.7,1049,16.8,14,20,unreliable,72.0,62.0,High Performing,Lakeview – Hillside Line 75,0
R076,114313.0,5063,36.49,1.59,99.15,3.4,0,9.8,22,12,underutilized,96.0,69.0,"Reliable, Underutilized",Industrial – Airport Line 76,2
R077,408088.0,9968,66.18,5.68,55.8,11.8,1244,31.1,21,8,unreliable,71.0,64.0,High Performing,Airport – Suburb West Line 77,0
R078,221803.0,4302,82.54,1.91,97.56,4.0,1208,26.8,21,12,high_performing,95.0,73.0,High Performing,Harbor – University Line 78,3
R079,299520.0,5866,82.81,2.2,93.47,4.65,1677,32.0,13,15,high_performing,93.0,75.0,High Performing,Old City – North Line 79,1
R080,264320.0,6449,65.89,4.08,66.3,8.5,763,20.4,27,15,unreliable,78.0,63.0,High Performing,Suburb East – Industrial Line 80,0
R081,105641.0,1600,106.93,4.61,60.81,9.4,939,33.2,10,15,overcrowded,75.0,53.0,Overcrowded,Industrial – North Line 81,4
R082,138972.0,5618,39.78,3.24,74.4,6.8,4,9.9,28,12,low_performing,83.0,61.0,"Reliable, Underutilized",Riverside – Industrial Line 82,2
R083,149181.0,2979,81.3,1.97,97.05,4.2,835,22.5,23,8,high_performing,95.0,70.0,High Performing,North – Central Line 83,3
R084,51295.0,2247,37.07,1.58,99.33,3.3,0,19.5,31,20,underutilized,96.0,67.0,"Reliable, Underutilized",Old City – Lakeview Line 84,2
R085,110298.0,4863,36.7,2.26,92.37,4.7,1,17.1,24,8,underutilized,92.0,66.0,"Reliable, Underutilized",Harbor – Industrial Line 85,2
R086,119793.0,2351,82.29,1.96,97.24,4.1,651,26.1,22,8,high_performing,95.0,69.0,High Performing,Central – Hillside Line 86,3
R087,65014.0,2633,40.21,4.87,60.88,10.0,3,21.6,33,20,low_performing,74.0,51.0,High Performing,Suburb East – Central Line 87,0
R088,62702.0,2802,36.03,1.24,99.64,2.8,0,34.6,25,12,underutilized,97.0,68.0,"Reliable, Underutilized",North – Airport Line 88,2
R089,156047.0,6352,39.96,4.1,66.07,8.5,4,31.6,18,12,low_performing,78.0,58.0,High Performing,Airport Loop 89,0
R090,335069.0,6610,82.23,1.78,98.4,3.8,1856,16.2,32,8,high_performing,96.0,79.0,High Performing,Old City – Central Line 90,3
R091,98575.0,3987,40.26,5.34,57.71,11.0,5,27.4,21,20,low_performing,72.0,51.0,High Performing,Riverside – Suburb East Line 91,0
R092,568118.0,13830,66.39,7.35,46.85,15.0,1744,6.0,13,8,unreliable,64.0,67.0,"High Demand, Unreliable",University – Riverside Line 92,0
R093,225830.0,4452,82.27,2.22,93.51,4.6,1267,14.7,30,15,high_performing,93.0,72.0,High Performing,Old City – University Line 93,1
R094,110050.0,4875,36.4,2.41,89.81,5.1,0,19.8,19,15,underutilized,91.0,65.0,"Reliable, Underutilized",Suburb West – Old City Line 94,2
R095,50395.0,2017,40.52,6.16,52.31,12.7,0,24.9,27,6,low_performing,68.0,46.0,High Performing,North Loop 95,0
R096,28660.0,1312,35.77,1.96,96.42,4.3,0,13.1,30,6,underutilized,94.0,64.0,"Reliable, Underutilized",Riverside – North Line 96,2
R097,245150.0,5992,66.74,6.19,53.12,12.9,771,35.7,16,15,unreliable,68.0,55.0,High Performing,North – Hillside Line 97,0
R098,276112.0,4143,107.36,3.8,69.42,7.8,2411,8.4,22,6,overcrowded,80.0,65.0,Overcrowded,Industrial – North Line 98,4
R099,157532.0,2398,107.07,3.16,75.44,6.6,1376,17.3,17,8,overcrowded,84.0,62.0,Overcrowded,Central – North Line 99,4
R100,88781.0,3599,39.98,4.81,60.38,9.9,3,11.3,17,15,low_performing,74.0,52.0,High Performing,Harbor Loop 100,0
