service_date,value,kind
2026-08-04,63052.0,Actual
2026-08-05,66465.0,Actual
2026-08-06,64177.0,Actual
2026-08-07,66127.0,Actual
2026-08-08,24755.0,Actual
2026-08-09,24621.0,Actual
2026-08-10,66604.0,Actual
2026-08-11,67418.0,Actual
2026-08-12,66523.0,Actual
2026-08-13,68674.0,Actual
2026-08-14,32016.0,Actual
2026-08-15,25218.0,Actual
2026-08-16,25850.0,Actual
2026-08-17,68216.0,Actual
2026-08-18,69693.0,Actual
2026-08-19,65829.0,Actual
2026-08-20,69891.0,Actual
2026-08-21,70287.0,Actual
2026-08-22,25571.0,Actual
2026-08-23,26456.0,Actual
2026-08-24,72273.0,Actual
2026-08-25,68155.0,Actual
2026-08-26,69536.0,Actual
2026-08-27,74350.0,Actual
2026-08-28,72063.0,Actual
2026-08-29,26354.0,Actual
2026-08-30,25491.0,Actual
2026-08-31,71837.0,Actual
2026-09-01,82188.0,Actual
2026-09-02,76054.0,Actual
2026-09-03,79040.0,Actual
2026-09-04,71419.0,Actual
2026-09-05,26944.0,Actual
2026-09-06,28760.0,Actual
2026-09-07,71531.0,Actual
2026-09-08,73195.0,Actual
2026-09-09,74709.0,Actual
2026-09-10,71231.0,Actual
2026-09-11,72119.0,Actual
2026-09-12,27895.0,Actual
2026-09-13,28107.0,Actual
2026-09-14,71820.0,Actual
2026-09-15,78817.0,Actual
2026-09-16,75327.0,Actual
2026-09-17,78216.0,Actual
2026-09-18,74960.0,Actual
2026-09-19,27811.0,Actual
2026-09-20,26469.0,Actual
2026-09-21,77868.0,Actual
2026-09-22,78923.0,Actual
2026-09-23,75446.0,Actual
2026-09-24,79305.0,Actual
2026-09-25,77431.0,Actual
2026-09-26,36106.0,Actual
2026-09-27,28018.0,Actual
2026-09-28,76987.0,Actual
2026-09-29,79325.0,Forecast
2026-09-30,75862.0,Forecast
2026-10-01,83718.0,Forecast
2026-10-02,81886.0,Forecast
2026-10-03,33966.0,Forecast
2026-10-04,28455.0,Forecast
2026-10-05,77431.0,Forecast
2026-10-06,79756.0,Forecast
2026-10-07,76278.0,Forecast
2026-10-08,80127.0,Forecast
2026-10-09,78220.0,Forecast
2026-10-10,30234.0,Forecast
2026-10-11,28676.0,Forecast
2026-10-12,77653.0,Forecast
2026-10-13,79962.0,Forecast
2026-10-14,76483.0,Forecast
2026-10-15,80331.0,Forecast
2026-10-16,78420.0,Forecast
2026-10-17,30425.0,Forecast
2026-10-18,28862.0,Forecast
2026-10-19,77833.0,Forecast
2026-10-20,80144.0,Forecast
2026-10-21,76664.0,Forecast
2026-10-22,80511.0,Forecast
2026-10-23,78598.0,Forecast
2026-10-24,30602.0,Forecast
2026-10-25,29059.0,Forecast
2026-10-26,78029.0,Forecast
